-- MySQL dump 10.13  Distrib 8.0.42, for Linux (x86_64)
--
-- Host: localhost    Database: shopdigiads
-- ------------------------------------------------------
-- Server version	8.0.42-0ubuntu0.24.04.1

/*!40101 SET @OLD_CHARACTER_SET_CLIENT=@@CHARACTER_SET_CLIENT */;
/*!40101 SET @OLD_CHARACTER_SET_RESULTS=@@CHARACTER_SET_RESULTS */;
/*!40101 SET @OLD_COLLATION_CONNECTION=@@COLLATION_CONNECTION */;
/*!50503 SET NAMES utf8mb4 */;
/*!40103 SET @OLD_TIME_ZONE=@@TIME_ZONE */;
/*!40103 SET TIME_ZONE='+00:00' */;
/*!40014 SET @OLD_UNIQUE_CHECKS=@@UNIQUE_CHECKS, UNIQUE_CHECKS=0 */;
/*!40014 SET @OLD_FOREIGN_KEY_CHECKS=@@FOREIGN_KEY_CHECKS, FOREIGN_KEY_CHECKS=0 */;
/*!40101 SET @OLD_SQL_MODE=@@SQL_MODE, SQL_MODE='NO_AUTO_VALUE_ON_ZERO' */;
/*!40111 SET @OLD_SQL_NOTES=@@SQL_NOTES, SQL_NOTES=0 */;

--
-- Table structure for table `Address`
--

DROP TABLE IF EXISTS `Address`;
/*!40101 SET @saved_cs_client     = @@character_set_client */;
/*!50503 SET character_set_client = utf8mb4 */;
CREATE TABLE `Address` (
  `address_id` int NOT NULL AUTO_INCREMENT,
  `user_id` int DEFAULT NULL,
  `client_business_id` int DEFAULT NULL,
  `pin_code` varchar(10) DEFAULT NULL,
  `area` varchar(255) DEFAULT NULL,
  `cluster` varchar(255) DEFAULT NULL,
  `district` varchar(255) DEFAULT NULL,
  `state` varchar(255) DEFAULT NULL,
  `google_map_location` varchar(255) DEFAULT NULL,
  `address_type` enum('Home','Business') DEFAULT NULL,
  `created_at` timestamp NOT NULL DEFAULT CURRENT_TIMESTAMP,
  `updated_at` timestamp NOT NULL DEFAULT CURRENT_TIMESTAMP ON UPDATE CURRENT_TIMESTAMP,
  `update_request` enum('Accepted','Rejected','Submitted') DEFAULT NULL,
  `address_remark` text,
  `landmark` varchar(500) DEFAULT NULL,
  `address_line` varchar(1000) DEFAULT NULL,
  PRIMARY KEY (`address_id`),
  KEY `user_id` (`user_id`),
  KEY `client_business_id` (`client_business_id`),
  CONSTRAINT `Address_ibfk_1` FOREIGN KEY (`user_id`) REFERENCES `Users` (`user_id`),
  CONSTRAINT `Address_ibfk_2` FOREIGN KEY (`client_business_id`) REFERENCES `ClientBusiness` (`client_business_id`)
) ENGINE=InnoDB AUTO_INCREMENT=83 DEFAULT CHARSET=utf8mb4 COLLATE=utf8mb4_0900_ai_ci;
/*!40101 SET character_set_client = @saved_cs_client */;

--
-- Dumping data for table `Address`
--

LOCK TABLES `Address` WRITE;
/*!40000 ALTER TABLE `Address` DISABLE KEYS */;
INSERT INTO `Address` VALUES (1,1,NULL,'441113','Dahegaon Rangari','Saoner','Nagpur','Maharashtra','','Home','2025-01-27 13:36:49','2025-01-29 05:38:04',NULL,NULL,NULL,NULL),(6,29,NULL,'440010','Abhyankar Nagar','Nagpur','Nagpur','Maharashtra','','Home','2025-01-28 09:18:37','2025-02-11 08:25:45',NULL,NULL,NULL,NULL),(7,30,NULL,'441113','Koradi','Kamptee','Nagpur','Maharashtra','','Home','2025-01-29 05:58:57','2025-04-15 14:19:25',NULL,NULL,NULL,NULL),(10,32,NULL,'441113','Pipla Dakbanglow','Saoner','Nagpur','Maharashtra','','Home','2025-01-31 15:04:58','2025-02-01 10:19:12',NULL,NULL,NULL,NULL),(11,33,NULL,'441113','Dahegaon Rangari','Saoner','Nagpur','Maharashtra','','Home','2025-01-31 15:11:29','2025-02-21 05:22:51','Submitted','cn',NULL,NULL),(13,NULL,7,'441113','Pipla Dakbanglow','Saoner','Nagpur','Maharashtra',NULL,'Business','2025-02-01 10:51:44','2025-02-01 10:51:44',NULL,NULL,NULL,NULL),(14,NULL,8,'441113','Dahegaon Rangari','Saoner','Nagpur','Maharashtra',NULL,'Business','2025-02-01 16:29:47','2025-02-01 16:29:47',NULL,NULL,NULL,NULL),(15,34,NULL,'440023','Dattawadi','Hingna','Nagpur','Maharashtra','','Home','2025-02-01 18:09:09','2025-02-10 06:38:31',NULL,NULL,NULL,NULL),(16,NULL,9,'440023','Dattawadi','Hingna','Nagpur','Maharashtra',NULL,'Business','2025-02-01 18:11:49','2025-02-01 18:11:49',NULL,NULL,NULL,NULL),(20,37,NULL,'440023','Wadi (Nagpur)','Hingna','Nagpur','Maharashtra','','Home','2025-02-10 18:25:30','2025-03-06 14:42:22',NULL,NULL,NULL,NULL),(24,40,NULL,'440010','Gokulpeth','Nagpur','Nagpur','Maharashtra',NULL,'Home','2025-02-11 07:28:24','2025-02-11 07:28:24',NULL,NULL,NULL,NULL),(26,NULL,13,'440010','Gokulpeth','Nagpur','Nagpur','Maharashtra',NULL,'Business','2025-02-11 08:28:46','2025-02-11 08:28:46',NULL,NULL,NULL,NULL),(27,40,NULL,'440010','Gokulpeth','Nagpur','Nagpur','Maharashtra',NULL,'Home','2025-02-11 08:43:24','2025-02-11 08:43:24',NULL,NULL,NULL,NULL),(28,41,NULL,'441113','asdf','sadf','sadf','dsaf','','Home','2025-02-12 14:17:41','2025-02-12 14:17:41',NULL,NULL,NULL,NULL),(29,NULL,14,'441113','Dahegaon Rangari','Saoner','Nagpur','Maharashtra',NULL,'Business','2025-02-12 14:36:15','2025-02-12 14:36:15',NULL,NULL,NULL,NULL),(30,42,NULL,'440023','Dawlameti','Hingna','Nagpur','Maharashtra',NULL,'Home','2025-02-15 06:05:39','2025-02-15 06:05:39',NULL,NULL,NULL,NULL),(31,42,NULL,'440023','Dawlameti','Hingna','Nagpur','Maharashtra',NULL,'Home','2025-02-15 06:13:41','2025-02-15 06:13:41',NULL,NULL,NULL,NULL),(32,NULL,15,'440023','Dawlameti','Hingna','Nagpur','Maharashtra',NULL,'Business','2025-02-15 06:15:18','2025-02-15 06:15:18',NULL,NULL,NULL,NULL),(37,NULL,17,'440023','Wadi (Nagpur)','Hingna','Nagpur','Maharashtra',NULL,'Business','2025-02-20 18:56:46','2025-02-20 18:56:46',NULL,NULL,'Amravati road near Bank of Maharashtra','Amravati road Wadi'),(38,NULL,18,'441113','Champa','Saoner','Nagpur','Maharashtra',NULL,'Business','2025-02-21 00:11:18','2025-02-21 00:11:18',NULL,NULL,'GD','ha'),(39,45,NULL,'440023','Wadi (Nagpur)','Hingna','Nagpur','Maharashtra',NULL,'Home','2025-02-21 05:09:11','2025-02-21 05:09:11',NULL,NULL,'random','amravti road near bank of maharashtra wadi nagpur '),(40,47,NULL,'441001','Wadi','Nagpur','Nagpur','Maharashtra','','Home','2025-02-21 07:28:53','2025-02-21 07:28:53',NULL,NULL,NULL,NULL),(41,48,NULL,'440023','Wadi (Nagpur)','Hingna','Nagpur','Maharashtra','','Home','2025-02-21 18:04:15','2025-03-03 09:24:18','Submitted','update ',' Khadgaon Road ','Deplex no 26 Ground floor khadgaon Road Ganesh Colony Ate lay out Nagpur '),(42,NULL,19,'441113','Champa','Saoner','Nagpur','Maharashtra',NULL,'Business','2025-02-22 01:45:40','2025-02-22 01:45:40',NULL,NULL,'dh','if'),(43,49,NULL,'441113','Dahegaon Rangari','Saoner','Nagpur','Maharashtra',NULL,'Home','2025-02-22 02:02:41','2025-02-22 02:02:41',NULL,NULL,'ehsj','ha'),(44,NULL,20,'441113','Dahegaon Rangari','Saoner','Nagpur','Maharashtra',NULL,'Business','2025-02-22 02:03:18','2025-02-22 02:03:18',NULL,NULL,'cn','dj'),(45,NULL,21,'441113','Champa','Saoner','Nagpur','Maharashtra',NULL,'Business','2025-02-23 14:35:36','2025-02-23 14:35:36',NULL,NULL,'a','a'),(46,NULL,22,'441113','Dahegaon Rangari','Saoner','Nagpur','Maharashtra',NULL,'Business','2025-02-23 14:39:40','2025-02-23 14:39:40',NULL,NULL,'a','a'),(47,50,NULL,'440023','Dattawadi','Hingna','Nagpur','Maharashtra',NULL,'Home','2025-02-23 14:43:35','2025-02-23 14:43:35',NULL,NULL,'Khadgaon Road ','plot No 51 Amravati Road Ate lay out Khadgaon Road Wadi Nagpur '),(48,NULL,23,'440023','Dattawadi','Hingna','Nagpur','Maharashtra',NULL,'Business','2025-02-23 15:06:16','2025-02-23 15:06:16',NULL,NULL,'dattawadi opposite open  Play ground','plot number 174 ward number 3 Gajanan society opposite open play ground dattawadi Nagpur'),(49,51,NULL,'440023','Dattawadi','Hingna','Nagpur','Maharashtra',NULL,'Home','2025-03-02 07:38:07','2025-03-02 07:38:07',NULL,NULL,'plot no 7 Suraksha nagar Dattwadi Nagpur ','plot number 7 Suraksha Nagar dattawadi Nagpur'),(50,NULL,24,'440023','Dattawadi','Hingna','Nagpur','Maharashtra',NULL,'Business','2025-03-02 08:08:12','2025-03-02 08:08:12',NULL,NULL,'Datta chowk','Shop No.7, Aditya Tower, Old MSEB Road, Amrawati Road, Dattawadi,, Nagpur, Maharashtra 440023'),(51,52,NULL,'440023','Dattawadi','Hingna','Nagpur','Maharashtra',NULL,'Home','2025-03-02 08:14:35','2025-03-02 08:14:35',NULL,NULL,'near Sainik chowk','plot number 29 Satya baba society dattawadi Amravati road Nagpur'),(52,NULL,25,'440023','Dattawadi','Hingna','Nagpur','Maharashtra',NULL,'Business','2025-03-02 08:22:21','2025-03-02 08:22:21',NULL,NULL,'Sainik chauk dattawadi','plot No1 shop no1 Sainik chauk dattawadi Nagpur'),(53,53,NULL,'440023','Dattawadi','Hingna','Nagpur','Maharashtra',NULL,'Home','2025-03-02 11:47:55','2025-03-02 11:47:55',NULL,NULL,'khadgaon Road Near Dr Bhardwaj Hospital','plot no 13 Amravati road Suraksha Nagar near Shila Devi convent dattawadi Nagpur'),(54,53,NULL,'440023','Dattawadi','Hingna','Nagpur','Maharashtra',NULL,'Home','2025-03-02 12:00:46','2025-03-02 12:00:46',NULL,NULL,'khadgaon Road Near Dr Bhardwaj Hospital','plot no 13 Amravati road Suraksha Nagar near Shila Devi convent dattawadi Nagpur'),(55,53,NULL,'440023','Dattawadi','Hingna','Nagpur','Maharashtra',NULL,'Home','2025-03-02 12:01:46','2025-03-02 12:01:46',NULL,NULL,'near Sheela Devi convent dattawadi','plot no 13 Amravati road Suraksha Nagar near Shila Devi convent dattawadi Nagpur'),(56,53,NULL,'440023','Dattawadi','Hingna','Nagpur','Maharashtra',NULL,'Home','2025-03-02 12:26:26','2025-03-02 12:26:26',NULL,NULL,'near Sheela Devi convent dattawadi','plot no 13 Amravati road Suraksha Nagar near Shila Devi convent dattawadi Nagpur'),(57,53,NULL,'440023','Dattawadi','Hingna','Nagpur','Maharashtra',NULL,'Home','2025-03-02 12:26:32','2025-03-02 12:26:32',NULL,NULL,'near Sheela Devi convent dattawadi','plot no 13 Amravati road Suraksha Nagar near Shila Devi convent dattawadi Nagpur'),(58,54,NULL,'440023','Wadi (Nagpur)','Hingna','Nagpur','Maharashtra',NULL,'Home','2025-03-02 13:07:36','2025-03-02 13:07:36',NULL,NULL,'khadgaon Road','Plot no 15 khadgaon Road near Durga Mata Mandir Vasant vihar colony Wadi Nagpur'),(59,NULL,27,'440023','Wadi (Nagpur)','Hingna','Nagpur','Maharashtra',NULL,'Business','2025-03-03 09:19:45','2025-03-03 09:19:45',NULL,NULL,'near Bombay wala restaurant Amravati road','near Bombay wala restaurant Amravati road Wadi'),(60,NULL,28,'440023','Wadi (Nagpur)','Hingna','Nagpur','Maharashtra',NULL,'Business','2025-03-03 10:11:30','2025-03-03 10:11:30',NULL,NULL,'khadgaon Road Near Bhardwaj hospital','khadgaon Road Near Bhardwaj hospital'),(61,NULL,29,'440023','Wadi (Nagpur)','Hingna','Nagpur','Maharashtra',NULL,'Business','2025-03-03 10:24:54','2025-03-03 10:24:54',NULL,NULL,'khadgaon Road Near Datta Mandir','khadgaon Road Near Datta Mandir'),(62,NULL,30,'440023','Wadi (Nagpur)','Hingna','Nagpur','Maharashtra',NULL,'Business','2025-03-03 10:25:01','2025-03-03 10:25:01',NULL,NULL,'khadgaon Road Near Datta Mandir','khadgaon Road Near Datta Mandir'),(63,55,NULL,'440023','Wadi (Nagpur)','Hingna','Nagpur','Maharashtra',NULL,'Home','2025-03-05 14:45:47','2025-03-05 14:45:47',NULL,NULL,'madina chicken centre','khadgaon Road Near madina chicken center Kanhaiya kirana store Nagpur'),(64,NULL,31,'440023','Wadi (Nagpur)','Hingna','Nagpur','Maharashtra',NULL,'Business','2025-03-06 12:59:21','2025-03-06 12:59:21',NULL,NULL,'Khadgaon Road Near madina chicken centre','Khadgaon Road near madina chicken centre Sona Nagar Wadi'),(65,NULL,32,'440023','Wadi (Nagpur)','Hingna','Nagpur','Maharashtra',NULL,'Business','2025-03-06 13:42:56','2025-03-06 13:42:56',NULL,NULL,'Katal by pass Road ','Katol by pass road Wadi Nagpur '),(66,56,NULL,'440023','Dattawadi','Hingna','Nagpur','Maharashtra','','Home','2025-03-06 14:03:38','2025-03-07 05:38:42',NULL,NULL,'opposite Wadi policy station ','opposite wadi  police station Amravati road Shiv Shakti Nagar Nagpur'),(67,NULL,33,'440023','Dattawadi','Hingna','Nagpur','Maharashtra',NULL,'Business','2025-03-06 14:11:14','2025-03-06 14:11:14',NULL,NULL,'near Maruti Nagar dattawadi lichade kirana store ','Maruti Nagar chowk near lichhade kirana store dattawadi Nagpur'),(68,57,NULL,'110001','Parliament House','New Delhi','Central Delhi','Delhi',NULL,'Home','2025-03-08 14:56:29','2025-03-08 14:56:29',NULL,NULL,'near parliament House','near parliament House Delhi'),(69,NULL,34,'110001','Pragati Maidan','New Delhi','Central Delhi','Delhi',NULL,'Business','2025-03-08 14:58:14','2025-03-08 14:58:14',NULL,NULL,'near parliament House','near parliament House'),(70,58,NULL,'440006','Seminary Hills','Nagpur','Nagpur','Maharashtra',NULL,'Home','2025-03-10 07:57:47','2025-03-10 07:57:47',NULL,NULL,'near Hanuman Mandir','plot no 26/1 vayu Sena Road near Hanuman Mandir telan khedi Nagpur '),(71,NULL,35,'440006','Seminary Hills','Nagpur','Nagpur','Maharashtra',NULL,'Business','2025-03-10 08:02:00','2025-03-10 08:02:00',NULL,NULL,'vayu Sena Road opposite satpuda garden ','vayu Sena Road opposite satpuda garden near  futara lake telang khedi Nagpur'),(72,58,NULL,'440006','Seminary Hills','Nagpur','Nagpur','Maharashtra',NULL,'Home','2025-03-10 08:11:29','2025-03-10 08:11:29',NULL,NULL,'near Hanuman Mandir','plot no 26/1 vayu Sena Road near Hanuman Mandir telan khedi Nagpur '),(73,58,NULL,'440006','Seminary Hills','Nagpur','Nagpur','Maharashtra',NULL,'Home','2025-03-10 08:17:15','2025-03-10 08:17:15',NULL,NULL,'near Hanuman Mandir','plot no 26/1 vayu Sena Road near Hanuman Mandir telan khedi Nagpur '),(74,NULL,36,'440023','Dattawadi','Hingna','Nagpur','Maharashtra',NULL,'Business','2025-03-20 10:20:46','2025-03-20 10:20:46',NULL,NULL,'Near MECB OFFICE ','near mseb office dattawadi Nagpur'),(75,65,NULL,'','','','','','','Home','2025-03-20 11:57:50','2025-03-20 11:57:50',NULL,NULL,NULL,NULL),(76,NULL,37,'440023','Wadi (Nagpur)','Hingna','Nagpur','Maharashtra',NULL,'Business','2025-03-20 12:25:39','2025-03-20 12:25:39',NULL,NULL,'PD Hospital ','khadgaon Road opposite PD hospital Wadi Nagpur'),(77,NULL,38,'440023','Wadi (Nagpur)','Hingna','Nagpur','Maharashtra',NULL,'Business','2025-03-20 18:36:10','2025-03-20 18:36:10',NULL,NULL,'khadgaon road','khadgaon road opp SBI ATM  Wadi Nagpur '),(78,70,NULL,'440023','Dattawadi','Hingna','Nagpur','Maharashtra',NULL,'Home','2025-03-29 16:08:23','2025-03-29 16:08:23',NULL,NULL,'plot no 266','Mahadev Nagar near Ramkrishna lawn dattawadi'),(79,28,NULL,'','','','','','','Home','2025-04-15 07:29:35','2025-04-15 07:29:35',NULL,NULL,NULL,NULL),(80,NULL,39,'440023','Dattawadi','Hingna','Nagpur','Maharashtra',NULL,'Business','2025-04-17 03:40:39','2025-04-17 03:40:39',NULL,NULL,'near Ramkrishna loan','plot 266 Mahadev Nagar near Ramkrishna loan main road'),(81,71,NULL,'440023','Wadi (Nagpur)','Hingna','Nagpur','Maharashtra',NULL,'Home','2025-06-01 05:23:18','2025-06-01 05:23:18',NULL,NULL,'Katol ','Katol By Road Wadi '),(82,71,NULL,'440023','Wadi (Nagpur)','Hingna','Nagpur','Maharashtra',NULL,'Home','2025-06-01 05:23:25','2025-06-01 05:23:25',NULL,NULL,'Katol ','Katol By Road Wadi ');
/*!40000 ALTER TABLE `Address` ENABLE KEYS */;
UNLOCK TABLES;

--
-- Table structure for table `Advertisement`
--

DROP TABLE IF EXISTS `Advertisement`;
/*!40101 SET @saved_cs_client     = @@character_set_client */;
/*!50503 SET character_set_client = utf8mb4 */;
CREATE TABLE `Advertisement` (
  `ads_id` int NOT NULL AUTO_INCREMENT,
  `ad_type` enum('IMAGE','VIDEO') NOT NULL,
  `ad_path` varchar(400) NOT NULL,
  `ad_campaign_name` varchar(255) DEFAULT NULL,
  `ad_description` text,
  `ad_goal` enum('Brand awareness','Lead generation','Sales conversions','Event promotion','Product/service launch') NOT NULL,
  `start_date` date DEFAULT NULL,
  `end_date` date DEFAULT NULL,
  `ad_status` enum('Approved','Rejected','On Review','Published','Expire') DEFAULT 'On Review',
  `ad_remark` text,
  `business_type_id` int NOT NULL,
  `user_id` int NOT NULL,
  `emp_id` int DEFAULT NULL,
  `is_optimize` enum('Not Optimize','Optimizing','Optimized') DEFAULT NULL,
  `is_self_ad` tinyint(1) DEFAULT '0',
  `pay` enum('with_pay','without_pay') DEFAULT 'with_pay',
  `references_ads_id` int DEFAULT NULL,
  PRIMARY KEY (`ads_id`),
  KEY `emp_id` (`emp_id`),
  KEY `user_id` (`user_id`),
  KEY `business_type_id` (`business_type_id`),
  CONSTRAINT `Advertisement_ibfk_1` FOREIGN KEY (`emp_id`) REFERENCES `Users` (`user_id`),
  CONSTRAINT `Advertisement_ibfk_2` FOREIGN KEY (`user_id`) REFERENCES `Users` (`user_id`),
  CONSTRAINT `Advertisement_ibfk_3` FOREIGN KEY (`business_type_id`) REFERENCES `BusinessType` (`business_type_id`)
) ENGINE=InnoDB AUTO_INCREMENT=100235 DEFAULT CHARSET=utf8mb4 COLLATE=utf8mb4_0900_ai_ci;
/*!40101 SET character_set_client = @saved_cs_client */;

--
-- Dumping data for table `Advertisement`
--

LOCK TABLES `Advertisement` WRITE;
/*!40000 ALTER TABLE `Advertisement` DISABLE KEYS */;
INSERT INTO `Advertisement` VALUES (100004,'VIDEO','Media/Client/29_Sumit_Dayaram_Chavhan/Advertisement/ad_file_1738408516164.mp4','aghu','shg','Brand awareness','2025-02-01','2025-02-28','Expire',NULL,8,29,NULL,NULL,0,'with_pay',NULL),(100005,'VIDEO','Media/Client/29_Sumit_Dayaram_Chavhan/Advertisement/ad_file_1738408701648.mp4','shh','xgh','Lead generation','2025-02-01','2025-02-28','Expire',NULL,8,29,NULL,NULL,0,'with_pay',NULL),(100006,'VIDEO','Media/Client/29_Sumit_Dayaram_Chavhan/Advertisement/ad_file_1738408921979.mp4','asgh','chj','Brand awareness','2025-02-01','2025-02-20','Expire',NULL,2,29,NULL,NULL,0,'with_pay',NULL),(100007,'IMAGE','Media/Client/29_Sumit_Dayaram_Chavhan/Advertisement/ad_file_1738409313944.png','Sumit 1','ad pay','Sales conversions','2025-02-01','2025-02-05','Expire',NULL,2,29,NULL,NULL,0,'with_pay',NULL),(100008,'VIDEO','Media/Client/1_Abhishek_Purushottam_Bhoyar/Advertisement/ad_file_1738427588024.mp4','cn','','Brand awareness','2025-02-01','2025-02-28','Expire',NULL,5,1,NULL,NULL,0,'with_pay',NULL),(100009,'VIDEO','Media/Client/34_Swaransh_Sumit_Chavhan/Advertisement/ad_file_1738434286149.mp4','Sumit 124','ggyb','Brand awareness','2025-02-02','2025-02-05','Expire',NULL,5,34,NULL,NULL,0,'with_pay',NULL),(100010,'VIDEO','Media/Client/34_Swaransh_Sumit_Chavhan/Advertisement/ad_file_1738465577753.mp4','Sumit Chavhan','check','Brand awareness','2025-02-02','2025-02-02','Expire',NULL,9,34,NULL,NULL,0,'with_pay',NULL),(100011,'VIDEO','Media/Client/34_Swaransh_Sumit_Chavhan/Advertisement/ad_file_1738467022263.mp4','Daksh 1','Branding','Brand awareness','2025-02-02','2025-02-10','Expire',NULL,3,34,NULL,NULL,0,'with_pay',NULL),(100012,'VIDEO','Media/Client/34_Swaransh_Sumit_Chavhan/Advertisement/ad_file_1738467144293.mp4','swaransh 101','Sales','Sales conversions','2025-02-02','2025-02-10','Expire',NULL,2,34,NULL,NULL,0,'with_pay',NULL),(100013,'VIDEO','Media/Client/34_Swaransh_Sumit_Chavhan/Advertisement/ad_file_1738601156941.mp4','Sumit2','All','Brand awareness','2025-02-03','2025-02-10','Expire',NULL,6,34,NULL,NULL,0,'with_pay',NULL),(100014,'IMAGE','Media/Client/34_Swaransh_Sumit_Chavhan/Advertisement/ad_file_1738601254754.png','sumit4','','Sales conversions','2025-02-03','2025-02-10','Expire',NULL,3,34,NULL,NULL,0,'with_pay',NULL),(100015,'VIDEO','Media/Client/34_Swaransh_Sumit_Chavhan/Advertisement/ad_file_1738601322845.mp4','sumit5','','Event promotion','2025-02-03','2025-02-10','Expire',NULL,10,34,NULL,NULL,0,'with_pay',NULL),(100016,'IMAGE','Media/Client/34_Swaransh_Sumit_Chavhan/Advertisement/ad_file_1738601423268.jpg','sumit6','','Event promotion','2025-02-03','2025-02-10','Expire',NULL,10,34,NULL,NULL,0,'with_pay',NULL),(100018,'VIDEO','Media/Client/34_Swaransh_Sumit_Chavhan/Advertisement/ad_file_1738696118841.mp4','Sumit5/2','education','Brand awareness','2025-02-06','2025-02-06','Expire',NULL,4,34,NULL,NULL,0,'with_pay',NULL),(100019,'VIDEO','Media/Client/34_Swaransh_Sumit_Chavhan/Advertisement/ad_file_1738696221049.mp4','Sumit5/2/2','','Lead generation','2025-02-05','2025-02-06','Expire',NULL,8,34,NULL,NULL,0,'with_pay',NULL),(100020,'VIDEO','Media/Client/34_Swaransh_Sumit_Chavhan/Advertisement/ad_file_1738696353589.mp4','sumit 5/2/4','','Sales conversions','2025-02-06','2025-02-06','Expire',NULL,7,34,NULL,NULL,0,'with_pay',NULL),(100021,'IMAGE','Media/Client/34_Swaransh_Sumit_Chavhan/Advertisement/ad_file_1738696453179.jpg','Sumit','','Sales conversions','2025-02-05','2025-02-06','Expire',NULL,10,34,NULL,NULL,0,'with_pay',NULL),(100022,'VIDEO','Media/Client/34_Swaransh_Sumit_Chavhan/Advertisement/ad_file_1738696560041.mp4','Sumit','','Sales conversions','2025-02-05','2025-02-06','Expire',NULL,7,34,NULL,NULL,0,'with_pay',NULL),(100023,'VIDEO','Media/Client/34_Swaransh_Sumit_Chavhan/Advertisement/ad_file_1738696662460.mp4','sumit10','','Event promotion','2025-02-05','2025-02-20','Expire',NULL,1,34,NULL,NULL,0,'with_pay',NULL),(100024,'VIDEO','Media/Client/34_Swaransh_Sumit_Chavhan/Advertisement/ad_file_1738696737667.mp4','sumit11','','Event promotion','2025-02-05','2025-02-20','Expire',NULL,8,34,NULL,NULL,0,'with_pay',NULL),(100026,'VIDEO','Media/Client/34_Swaransh_Sumit_Chavhan/Advertisement/ad_file_1738927060943.mp4','Sumit 07 feb','','Brand awareness','2025-02-07','2025-02-08','Expire',NULL,2,34,NULL,NULL,0,'with_pay',NULL),(100027,'VIDEO','Media/Client/1_Abhishek_Purushottam_Bhoyar/Advertisement/ad_file_1738927455106.mp4','ghh','','Sales conversions','2025-02-07','2025-03-12','Expire',NULL,5,1,NULL,NULL,0,'with_pay',NULL),(100028,'VIDEO','Media/Client/1_Abhishek_Purushottam_Bhoyar/Advertisement/ad_file_1738927498526.mp4','cn','','Event promotion','2025-02-07','2025-03-08','Expire',NULL,5,1,NULL,NULL,0,'with_pay',NULL),(100029,'VIDEO','Media/Client/34_Swaransh_Sumit_Chavhan/Advertisement/ad_file_1738927799568.mp4','Test 1','','Brand awareness','2025-02-08','2025-02-09','Expire',NULL,10,34,NULL,NULL,0,'with_pay',NULL),(100030,'VIDEO','Media/Client/34_Swaransh_Sumit_Chavhan/Advertisement/ad_file_1738927918102.mp4','Test2','','Brand awareness','2025-02-07','2025-02-08','Expire','Repeat content',8,34,NULL,NULL,0,'with_pay',NULL),(100031,'VIDEO','Media/Client/34_Swaransh_Sumit_Chavhan/Advertisement/ad_file_1738928084831.mp4','Test 2','','Brand awareness','2025-02-07','2025-02-08','Expire','Repeat',9,34,NULL,NULL,0,'with_pay',NULL),(100032,'IMAGE','Media/Client/34_Swaransh_Sumit_Chavhan/Advertisement/ad_file_1738928251101.png','teat2','','Brand awareness','2025-02-07','2025-02-08','Expire',NULL,3,34,NULL,NULL,0,'with_pay',NULL),(100033,'IMAGE','Media/Client/34_Swaransh_Sumit_Chavhan/Advertisement/ad_file_1738929093423.png','Sda','','Brand awareness','2025-02-07','2025-02-10','Expire',NULL,6,34,NULL,NULL,0,'with_pay',NULL),(100036,'IMAGE','Media/Client/34_Swaransh_Sumit_Chavhan/Advertisement/ad_file_1738933939151.jpg','Abhishek 1','','Brand awareness','2025-02-07','2025-02-10','Expire',NULL,6,34,NULL,NULL,0,'with_pay',NULL),(100037,'VIDEO','Media/Client/34_Swaransh_Sumit_Chavhan/Advertisement/ad_file_1738935115190.mp4','Abhishek 1','','Brand awareness','2025-02-07','2025-02-08','Expire',NULL,4,34,NULL,NULL,0,'with_pay',NULL),(100038,'VIDEO','Media/Client/34_Swaransh_Sumit_Chavhan/Advertisement/ad_file_1738937023865.mp4','j','','Lead generation','2025-02-07','2025-02-08','Expire',NULL,5,34,NULL,NULL,0,'with_pay',NULL),(100039,'VIDEO','Media/Client/34_Swaransh_Sumit_Chavhan/Advertisement/ad_file_1738939926836.mp4','Asd 8.tes1','','Brand awareness','2025-02-07','2025-02-08','Expire',NULL,9,34,NULL,NULL,0,'with_pay',NULL),(100040,'VIDEO','Media/Client/34_Swaransh_Sumit_Chavhan/Advertisement/ad_file_1738940224388.mp4','test ads 8 pm','','Brand awareness','2025-02-07','2025-02-08','Expire',NULL,7,34,NULL,NULL,0,'with_pay',NULL),(100041,'VIDEO','Media/Client/34_Swaransh_Sumit_Chavhan/Advertisement/ad_file_1739002128882.mp4','Shivi kupa','','Brand awareness','2025-02-08','2025-02-10','Expire',NULL,2,34,NULL,NULL,0,'with_pay',NULL),(100042,'VIDEO','Media/Client/34_Swaransh_Sumit_Chavhan/Advertisement/ad_file_1739002896503.mp4','Ninawe kirna','','Brand awareness','2025-02-08','2025-02-15','Expire',NULL,2,34,NULL,NULL,0,'with_pay',NULL),(100043,'VIDEO','Media/Client/34_Swaransh_Sumit_Chavhan/Advertisement/ad_file_1739006275461.mp4','Sumit1','','Brand awareness','2025-02-08','2025-03-07','Expire',NULL,2,34,NULL,NULL,0,'with_pay',NULL),(100044,'VIDEO','Media/Client/34_Swaransh_Sumit_Chavhan/Advertisement/ad_file_1739010189948.mp4','chklp','','Brand awareness','2025-02-08','2025-02-10','Expire',NULL,2,34,NULL,NULL,0,'with_pay',NULL),(100045,'VIDEO','Media/Client/34_Swaransh_Sumit_Chavhan/Advertisement/ad_file_1739012162609.mp4','hhj','','Brand awareness','2025-02-08','2025-03-07','Expire',NULL,2,34,NULL,NULL,0,'with_pay',NULL),(100046,'VIDEO','Media/Client/34_Swaransh_Sumit_Chavhan/Advertisement/ad_file_1739027807237.mp4','shop1','','Brand awareness','2025-02-08','2025-02-09','Expire',NULL,5,34,NULL,NULL,0,'with_pay',NULL),(100047,'VIDEO','Media/Client/34_Swaransh_Sumit_Chavhan/Advertisement/ad_file_1739079630418.mp4','Welcome ads1','','Lead generation','2025-02-09','2025-02-14','Expire',NULL,6,34,NULL,NULL,0,'with_pay',NULL),(100048,'VIDEO','Media/Client/34_Swaransh_Sumit_Chavhan/Advertisement/ad_file_1739099151906.mp4','sdgk','','Brand awareness','2025-02-09','2025-02-15','Expire',NULL,2,34,NULL,NULL,0,'with_pay',NULL),(100049,'VIDEO','Media/Client/34_Swaransh_Sumit_Chavhan/Advertisement/ad_file_1739100422842.mp4','sdft','','Brand awareness','2025-02-09','2025-02-15','Expire',NULL,2,34,NULL,NULL,0,'with_pay',NULL),(100050,'VIDEO','Media/Client/34_Swaransh_Sumit_Chavhan/Advertisement/ad_file_1739101297605.mp4','Sumit','','Sales conversions','2025-02-09','2025-02-15','Expire',NULL,2,34,NULL,NULL,0,'with_pay',NULL),(100051,'IMAGE','Media/Client/34_Swaransh_Sumit_Chavhan/Advertisement/ad_file_1739102245384.jpg','Neware','','Brand awareness','2025-02-09','2025-02-15','Expire',NULL,2,34,NULL,NULL,0,'with_pay',NULL),(100052,'VIDEO','Media/Client/34_Swaransh_Sumit_Chavhan/Advertisement/ad_file_1739163219142.mp4','Happy birthday','','Sales conversions','2025-02-10','2025-02-21','Expire',NULL,5,34,NULL,NULL,0,'with_pay',NULL),(100053,'IMAGE','Media/Client/34_Swaransh_Sumit_Chavhan/Advertisement/ad_file_1739163738439.jpg','100 MB Spider man','','Product/service launch','2025-02-10','2025-02-12','Expire',NULL,5,34,NULL,NULL,0,'with_pay',NULL),(100054,'IMAGE','Media/Client/34_Swaransh_Sumit_Chavhan/Advertisement/ad_file_1739164082109.png','Test high resolution image','','Event promotion','2025-02-10','2025-02-12','Expire',NULL,5,34,NULL,NULL,0,'with_pay',NULL),(100055,'IMAGE','Media/Client/34_Swaransh_Sumit_Chavhan/Advertisement/ad_file_1739167376968.jpg','spidy','','Lead generation','2025-02-10','2025-02-12','Expire',NULL,5,34,NULL,NULL,0,'with_pay',NULL),(100056,'IMAGE','Media/Client/34_Swaransh_Sumit_Chavhan/Advertisement/ad_file_1739167423275.jpg','beng','','Product/service launch','2025-02-10','2025-02-13','Expire',NULL,5,34,NULL,NULL,0,'with_pay',NULL),(100057,'VIDEO','Media/Client/34_Swaransh_Sumit_Chavhan/Advertisement/ad_file_1739176506636.mp4','asty','xhhu','Brand awareness','2025-02-10','2025-02-20','Expire',NULL,8,34,NULL,NULL,0,'with_pay',NULL),(100064,'VIDEO','Media/Client/32_Hathiram___Choudhary/Advertisement/ad_file_1739186684793.mp4','a','a','Brand awareness','2025-02-10','2025-02-11','Expire',NULL,6,32,NULL,NULL,0,'with_pay',NULL),(100066,'VIDEO','Media/Client/34_Swaransh_Sumit_Chavhan/Advertisement/ad_file_1739187010028.mp4','Sumi','ahhu','Brand awareness','2025-02-10','2025-02-15','Expire',NULL,9,34,NULL,NULL,0,'with_pay',NULL),(100067,'VIDEO','Media/Client/34_Swaransh_Sumit_Chavhan/Advertisement/ad_file_1739187386886.mp4','sfg','adfg','Brand awareness','2025-02-10','2025-02-15','Expire',NULL,10,34,NULL,NULL,0,'with_pay',NULL),(100068,'VIDEO','Media/Client/34_Swaransh_Sumit_Chavhan/Advertisement/ad_file_1739199734424.mp4','eryy','','Brand awareness','2025-02-10','2025-02-15','Expire',NULL,2,34,NULL,NULL,0,'with_pay',NULL),(100104,'VIDEO','Media/Client/34_Swaransh_Sumit_Chavhan/Advertisement/ad_file_1739479946379.mp4','Swarans1','','Brand awareness','2025-02-14','2025-02-15','Expire',NULL,6,34,NULL,NULL,0,'with_pay',NULL),(100105,'VIDEO','Media/Client/34_Swaransh_Sumit_Chavhan/Advertisement/ad_file_1739481702486.mp4','Sumit 1','','Brand awareness','2025-02-14','2025-02-15','Expire',NULL,6,34,NULL,NULL,0,'with_pay',NULL),(100106,'VIDEO','Media/Client/34_Swaransh_Sumit_Chavhan/Advertisement/ad_file_1739481850074.mp4','sumit 3','','Sales conversions','2025-02-14','2025-02-15','Expire',NULL,4,34,NULL,NULL,0,'with_pay',NULL),(100107,'VIDEO','Media/Client/34_Swaransh_Sumit_Chavhan/Advertisement/ad_file_1739598084834.mp4','plot sale','','Brand awareness','2025-02-15','2025-03-14','Expire',NULL,7,34,NULL,NULL,0,'with_pay',NULL),(100116,'VIDEO','Media/Client/34_Swaransh_Sumit_Chavhan/Advertisement/ad_file_1739769815270.mp4','xdgh','bjp','Brand awareness','2025-02-17','2025-02-28','Expire',NULL,12,34,NULL,NULL,0,'with_pay',NULL),(100118,'VIDEO','Media/Client/1_Abhishek_Purushottam_Bhoyar/Advertisement/ads_100118.mp4','cn','','Sales conversions','2025-02-17','2025-02-20','Expire',NULL,1,1,NULL,'Not Optimize',0,'with_pay',NULL),(100119,'VIDEO','Media/Client/1_Abhishek_Purushottam_Bhoyar/Advertisement/ad_file_1739780792037.mp4','GD','','Event promotion','2025-02-17','2025-02-20','Expire',NULL,15,1,NULL,'Not Optimize',0,'with_pay',NULL),(100120,'VIDEO','Media/Client/1_Abhishek_Purushottam_Bhoyar/Advertisement/ad_file_1739781703117.mp4','ho','','Lead generation','2025-02-17','2025-02-20','Expire',NULL,13,1,NULL,'Not Optimize',0,'with_pay',NULL),(100121,'VIDEO','Media/Client/1_Abhishek_Purushottam_Bhoyar/Advertisement/ad_file_1739784335740.mp4','cn','','Sales conversions','2025-02-17','2025-02-20','Expire',NULL,5,1,NULL,'Not Optimize',0,'with_pay',NULL),(100122,'VIDEO','Media/Client/1_Abhishek_Purushottam_Bhoyar/Advertisement/ads_100122.mp4','ha','','Lead generation','2025-02-17','2025-02-20','Expire',NULL,1,1,NULL,'Optimized',0,'with_pay',NULL),(100123,'IMAGE','Media/Client/1_Abhishek_Purushottam_Bhoyar/Advertisement/ad_file_1739952616443.jpg','bc','bc','Brand awareness','2025-02-19','2025-02-20','Expire',NULL,4,1,NULL,'Optimized',1,'with_pay',NULL),(100125,'VIDEO','Media/Client/42_Sonam_Nikhil_Sonttake/Advertisement/ad_file_1740298102895.mp4','shops','','Brand awareness','2025-02-23','2025-03-23','Expire',NULL,14,42,NULL,'Optimized',1,'with_pay',NULL),(100126,'VIDEO','Media/Client/34_Swaransh_Sumit_Chavhan/Advertisement/display_video_Standee_1738407221485.mp4','a','','Brand awareness','2025-02-23','2025-02-24','Expire',NULL,4,34,NULL,NULL,0,'with_pay',NULL),(100129,'VIDEO','Media/Client/34_Swaransh_Sumit_Chavhan/Advertisement/ads_100129.mp4','Shree Jwellers','','Brand awareness','2025-03-03','2025-04-02','Expire',NULL,18,34,NULL,'Optimized',0,'with_pay',NULL),(100130,'VIDEO','Media/Client/33_Abhishek_Purushottam_Bhoyar/Advertisement/ad_file_1741000801729.mp4','Test','','Product/service launch','2025-03-03','2025-03-14','Expire',NULL,9,33,NULL,'Optimized',0,'with_pay',NULL),(100131,'VIDEO','Media/Client/34_Swaransh_Sumit_Chavhan/Advertisement/ad_file_1741001066780.mp4','shree Jwellers','Branding','Brand awareness','2025-03-03','2025-04-02','Expire',NULL,18,34,NULL,'Optimized',0,'with_pay',NULL),(100137,'VIDEO','Media/Client/34_Swaransh_Sumit_Chavhan/Advertisement/ad_file_1741202047072.mp4','sumit','','Brand awareness','2025-03-06','2025-03-07','Expire',NULL,13,34,NULL,'Optimized',0,'with_pay',NULL),(100138,'IMAGE','Media/Client/33_Abhishek_Purushottam_Bhoyar/Advertisement/ad_file_1741274392843.jpg','Test Ad','','Brand awareness','2025-03-06','2025-03-08','Expire',NULL,5,33,NULL,'Optimized',0,'with_pay',NULL),(100139,'VIDEO','Media/Client/34_Swaransh_Sumit_Chavhan/Advertisement/ad_file_1741332895287.mp4','Shree jewellers','','Brand awareness','2025-03-07','2025-04-06','Expire',NULL,18,34,NULL,'Optimized',0,'with_pay',NULL),(100140,'IMAGE','Media/Client/34_Swaransh_Sumit_Chavhan/Advertisement/ad_file_1741437323578.jpg','sumit','','Brand awareness','2025-03-08','2025-04-07','Expire',NULL,11,34,NULL,'Optimized',0,'with_pay',NULL),(100141,'IMAGE','Media/Client/34_Swaransh_Sumit_Chavhan/Advertisement/ad_file_1741437652481.jpg','sweet Restaurant','','Brand awareness','2025-03-08','2025-04-06','Expire',NULL,6,34,NULL,'Optimized',0,'with_pay',NULL),(100142,'VIDEO','Media/Client/34_Swaransh_Sumit_Chavhan/Advertisement/ad_file_1741441440224.mp4','The Jain Group','','Brand awareness','2025-03-08','2025-04-07','Expire',NULL,20,34,NULL,'Optimized',0,'with_pay',NULL),(100143,'IMAGE','Media/Client/34_Swaransh_Sumit_Chavhan/Advertisement/ad_file_1741444067327.jpg','Vijay','','Sales conversions','2025-03-08','2025-03-31','Expire','other ads',11,34,NULL,'Optimized',0,'with_pay',NULL),(100149,'IMAGE','Media/Client/30_ABC_aa_d/Advertisement/sda.png','afad','','Brand awareness','2025-03-11','2025-03-12','Expire',NULL,17,30,NULL,NULL,0,'with_pay',NULL),(100150,'IMAGE','Media/Client/30_ABC_aa_d/Advertisement/pan.png','Test2','','Brand awareness','2025-03-11','2025-03-12','Expire',NULL,17,30,NULL,NULL,0,'with_pay',NULL),(100151,'IMAGE','Media/Client/33_Abhishek_Purushottam _Bhoyar/Advertisement/pan.png','asd','','Brand awareness','2025-03-11','2025-03-12','Expire',NULL,17,33,NULL,NULL,0,'with_pay',NULL),(100152,'IMAGE','Media/Client/28_Tejas_Prakash_Landge/Advertisement/pan.png','test','','Brand awareness','2025-03-12','2025-03-13','Expire',NULL,17,28,NULL,NULL,0,'without_pay',NULL),(100154,'VIDEO','Media/Client/28_Tejas_Prakash_Landge/Advertisement/WhatsApp Video 2025-03-12 at 5.32.11 PM.mp4','Test','','Brand awareness','2025-03-12','2025-03-13','Expire',NULL,17,28,NULL,NULL,0,'without_pay',NULL),(100155,'IMAGE','Media/Client/32_Hathiram___Choudhary/Advertisement/IMG-20250314-WA0004.jpg','Test','','Brand awareness','2025-03-16','2025-03-17','Expire',NULL,17,32,NULL,NULL,1,'with_pay',NULL),(100156,'VIDEO','Media/Client/34_Swaransh_Sumit_Chavhan/Advertisement/ad_file_1742307998188.mp4','impression Pro','','Brand awareness','2025-03-19','2025-04-18','Expire',NULL,4,34,NULL,'Not Optimize',0,'with_pay',NULL),(100157,'VIDEO','Media/Client/34_Swaransh_Sumit_Chavhan/Advertisement/ad_file_1743253735921.mp4','impression Pro','','Brand awareness','2025-03-19','2025-04-18','Expire',NULL,4,34,NULL,'Not Optimize',0,'with_pay',NULL),(100158,'IMAGE','Media/Client/30_ABC_aa_d/Advertisement/pan.png','as','','Brand awareness','2025-03-19','2025-03-20','Expire',NULL,17,30,NULL,NULL,0,'with_pay',NULL),(100159,'IMAGE','Media/Client/33_Abhishek_Purushottam _Bhoyar/Advertisement/ad_file_1742386279185.jpg','cn','','Sales conversions','2025-03-19','2025-03-28','Expire',NULL,9,33,NULL,'Optimized',0,'with_pay',NULL),(100160,'VIDEO','Media/Client/59_Harshu_Dilip_Gaikwad/Advertisement/ads_100160.mp4','impression Pro','','Brand awareness','2025-03-21','2025-04-20','Expire',NULL,21,59,NULL,'Optimized',0,'with_pay',NULL),(100161,'VIDEO','Media/Client/59_Harshu_Dilip_Gaikwad/Advertisement/ads_100161.mp4','impression Pro','','Brand awareness','2025-03-21','2025-04-20','Expire',NULL,21,59,NULL,'Optimized',0,'with_pay',NULL),(100162,'VIDEO','Media/Client/29_Sumit_Chavhan_Employee/Advertisement/ad_file_1743924494620.mp4','Nishchay academy','','Brand awareness','2025-03-22','2025-04-21','Expire',NULL,4,29,NULL,'Optimized',0,'with_pay',NULL),(100163,'VIDEO','Media/Client/34_Swaransh_Sumit_Chavhan/Advertisement/ads_100163.mp4','Shree jewellers','','Brand awareness','2025-03-29','2025-04-06','Expire',NULL,18,34,NULL,'Optimized',0,'with_pay',NULL),(100164,'VIDEO','Media/Client/34_Swaransh_Sumit_Chavhan/Advertisement/ads_100164.mp4','shree Jwellers','Branding','Brand awareness','2025-03-29','2025-04-02','Expire',NULL,18,34,NULL,'Optimized',0,'with_pay',NULL),(100165,'VIDEO','Media/Client/34_Swaransh_Sumit_Chavhan/Advertisement/ads_100165.mp4','jewellers gudi padwa','','Brand awareness','2025-03-29','2025-04-07','Expire',NULL,18,34,NULL,'Optimized',0,'with_pay',NULL),(100166,'VIDEO','Media/Client/34_Swaransh_Sumit_Chavhan/Advertisement/ads_100166.mp4','free jewellers','','Brand awareness','2025-03-29','2025-04-07','Expire',NULL,18,34,NULL,'Optimized',0,'with_pay',NULL),(100167,'VIDEO','Media/Client/34_Swaransh_Sumit_Chavhan/Advertisement/ads_100167.mp4','impression Pro and ads','','Brand awareness','2025-03-29','2025-04-07','Expire',NULL,21,34,NULL,'Optimized',0,'with_pay',NULL),(100168,'VIDEO','Media/Client/28_Tejas_Prakash_Landge/Advertisement/WhatsApp Video 2025-04-06 at 9.56.39 AM.mp4','Ram Navami','Happy Ram Navami','Event promotion','2025-04-06','2025-04-07','Expire',NULL,6,28,NULL,NULL,0,'without_pay',NULL),(100169,'VIDEO','Media/Client/29_Sumit_Chavhan_Employee/Advertisement/ad_file_1743926381684.mp4','Jain Door','','Brand awareness','2025-04-06','2025-04-10','Expire',NULL,20,29,NULL,'Optimized',0,'with_pay',NULL),(100170,'VIDEO','Media/Client/29_Sumit_Chavhan_Employee/Advertisement/ad_file_1743926624187.mp4','Jain door','','Brand awareness','2025-04-06','2025-04-10','Expire',NULL,20,29,NULL,'Optimized',0,'with_pay',NULL),(100171,'VIDEO','Media/Client/28_Tejas_Prakash_Landge/Advertisement/VID-20250406-WA0007.mp4','Doors','Jain Doors group ','Event promotion','2025-04-06','2025-04-10','Expire',NULL,6,28,NULL,NULL,0,'without_pay',NULL),(100172,'VIDEO','Media/Client/29_Sumit_Chavhan_Employee/Advertisement/ad_file_1743930941943.mp4','Shree Ram Navmi ads','','Brand awareness','2025-04-06','2025-04-09','Expire',NULL,1,29,NULL,'Not Optimize',0,'with_pay',NULL),(100173,'VIDEO','Media/Client/28_Tejas_Prakash_Landge/Advertisement/VID-20250406-WA0011.mp4','Ram navmi','','Event promotion','2025-04-06','2025-04-07','Expire',NULL,6,28,NULL,NULL,0,'without_pay',NULL),(100174,'VIDEO','Media/Client/28_Tejas_Prakash_Landge/Advertisement/VID-20250406-WA0011.mp4','Ram navmi','','Event promotion','2025-04-06','2025-04-07','Expire',NULL,6,28,NULL,NULL,0,'without_pay',NULL),(100175,'VIDEO','Media/Client/28_Tejas_Prakash_Landge/Advertisement/WhatsApp Video 2025-04-06 at 9.56.39 AM.mp4','Test','','Event promotion','2025-04-06','2025-04-07','Expire',NULL,6,28,NULL,NULL,0,'without_pay',NULL),(100176,'IMAGE','Media/Client/33_Abhishek_Purushottam _Bhoyar/Advertisement/ad_file_1743962525412.jpg','egg','','Lead generation','2025-04-06','2025-04-25','Expire',NULL,5,33,NULL,'Optimized',0,'with_pay',NULL),(100177,'VIDEO','Media/Client/32_Hathiram___Choudhary/Advertisement/ad_file_1744016699888.mp4','test','','Event promotion','2025-04-07','2025-04-08','Expire',NULL,6,32,NULL,'Optimized',0,'with_pay',NULL),(100178,'VIDEO','Media/Client/32_Hathiram___Choudhary/Advertisement/ad_file_1744017089781.mp4','test','','Event promotion','2025-04-07','2025-04-08','Expire',NULL,6,32,NULL,'Optimized',0,'with_pay',NULL),(100179,'VIDEO','Media/Client/32_Hathiram___Choudhary/Advertisement/ad_file_1744017301738.mp4','test','','Event promotion','2025-04-07','2025-04-30','Expire',NULL,6,32,NULL,'Optimized',0,'with_pay',NULL),(100180,'VIDEO','Media/Client/32_Hathiram___Choudhary/Advertisement/ad_file_1744017478160.mp4','test','','Event promotion','2025-04-07','2025-04-30','Expire',NULL,6,32,NULL,'Optimized',0,'with_pay',NULL),(100181,'VIDEO','Media/Client/32_Hathiram___Choudhary/Advertisement/ad_file_1744017625761.mp4','test','','Event promotion','2025-04-07','2025-04-30','Expire',NULL,6,32,NULL,'Optimized',0,'with_pay',NULL),(100182,'VIDEO','Media/Client/32_Hathiram___Choudhary/Advertisement/ad_file_1744017756639.mp4','test','','Event promotion','2025-04-07','2025-04-30','Expire',NULL,6,32,NULL,'Optimized',0,'with_pay',NULL),(100183,'VIDEO','Media/Client/32_Hathiram___Choudhary/Advertisement/ad_file_1744017880701.mp4','test','','Event promotion','2025-04-07','2025-04-30','Expire',NULL,6,32,NULL,'Optimized',0,'with_pay',NULL),(100184,'VIDEO','Media/Client/32_Hathiram___Choudhary/Advertisement/ad_file_1744018263295.mp4','test','','Event promotion','2025-04-07','2025-04-30','Expire',NULL,6,32,NULL,'Optimized',0,'with_pay',NULL),(100185,'VIDEO','Media/Client/32_Hathiram___Choudhary/Advertisement/ad_file_1744018533673.mp4','test','','Event promotion','2025-04-07','2025-04-30','Expire',NULL,6,32,NULL,'Optimized',0,'with_pay',NULL),(100186,'VIDEO','Media/Client/32_Hathiram___Choudhary/Advertisement/ad_file_1744018638900.mp4','test','','Event promotion','2025-04-07','2025-04-30','Expire',NULL,6,32,NULL,'Optimized',0,'with_pay',NULL),(100187,'VIDEO','Media/Client/32_Hathiram___Choudhary/Advertisement/ad_file_1744018818918.mp4','test','','Event promotion','2025-04-07','2025-04-30','Expire',NULL,6,32,NULL,'Optimized',0,'with_pay',NULL),(100188,'VIDEO','Media/Client/32_Hathiram___Choudhary/Advertisement/ad_file_1744019011812.mp4','test','','Event promotion','2025-04-07','2025-04-30','Expire',NULL,6,32,NULL,'Optimized',0,'with_pay',NULL),(100189,'VIDEO','Media/Client/32_Hathiram___Choudhary/Advertisement/ad_file_1744019137211.mp4','test','','Event promotion','2025-04-07','2025-04-30','Expire',NULL,6,32,NULL,'Optimized',0,'with_pay',NULL),(100190,'VIDEO','Media/Client/32_Hathiram___Choudhary/Advertisement/ad_file_1744019903052.mp4','test','','Event promotion','2025-04-07','2025-04-30','Expire',NULL,6,32,NULL,'Optimized',0,'with_pay',NULL),(100191,'VIDEO','Media/Client/32_Hathiram___Choudhary/Advertisement/ad_file_1744020018900.mp4','test','','Event promotion','2025-04-07','2025-04-30','Expire',NULL,6,32,NULL,'Optimized',0,'with_pay',NULL),(100192,'VIDEO','Media/Client/32_Hathiram___Choudhary/Advertisement/ad_file_1744020126605.mp4','test','','Event promotion','2025-04-07','2025-04-30','Expire',NULL,6,32,NULL,'Optimized',0,'with_pay',NULL),(100193,'VIDEO','Media/Client/32_Hathiram___Choudhary/Advertisement/ad_file_1744020195095.mp4','test','','Event promotion','2025-04-07','2025-04-30','Expire',NULL,6,32,NULL,'Optimized',0,'with_pay',NULL),(100194,'VIDEO','Media/Client/32_Hathiram___Choudhary/Advertisement/ad_file_1744020293004.mp4','test','','Event promotion','2025-04-07','2025-04-30','Expire',NULL,6,32,NULL,'Optimized',0,'with_pay',NULL),(100195,'VIDEO','Media/Client/32_Hathiram___Choudhary/Advertisement/ad_file_1744041866929.mp4','test','','Event promotion','2025-04-07','2025-04-30','Expire',NULL,6,32,NULL,'Optimized',0,'with_pay',100185),(100196,'VIDEO','Media/Client/32_Hathiram___Choudhary/Advertisement/ads_100196.mp4','That\'s all really wanna do','','Event promotion','2025-04-08','2025-04-09','Expire',NULL,6,32,NULL,'Optimized',0,'with_pay',NULL),(100197,'VIDEO','Media/Client/32_Hathiram___Choudhary/Advertisement/ads_100197.mp4','Tejas 2021','','Event promotion','2025-04-08','2025-04-09','Expire',NULL,6,32,NULL,'Optimized',0,'with_pay',NULL),(100198,'VIDEO','Media/Client/32_Hathiram___Choudhary/Advertisement/ad_file_1744090418021.mp4','Tejas 2022','','Event promotion','2025-04-08','2025-04-09','Expire',NULL,6,32,NULL,'Optimized',0,'with_pay',NULL),(100199,'VIDEO','Media/Client/32_Hathiram___Choudhary/Advertisement/ad_file_1744092390399.mp4','Tejas 2022','','Event promotion','2025-04-08','2025-04-09','Expire',NULL,6,32,NULL,'Optimized',0,'with_pay',NULL),(100200,'VIDEO','Media/Client/32_Hathiram___Choudhary/Advertisement/ads_100200.mp4','That\'s All really wanna do','That\'s All really wanna do','Event promotion','2025-04-10','2025-04-11','Expire',NULL,6,32,NULL,'Optimized',0,'with_pay',NULL),(100201,'VIDEO','Media/Client/32_Hathiram___Choudhary/Advertisement/ad_file_1744256771411.mp4','That\'s All really wanna do','That\'s All really wanna do','Event promotion','2025-04-10','2025-04-11','Expire',NULL,6,32,NULL,'Optimized',0,'with_pay',100200),(100202,'VIDEO','Media/Client/34_Swaransh_Sumit_Chavhan/Advertisement/ad_file_1744344762424.mp4','Jain Door April','','Brand awareness','2025-04-11','2025-05-10','Expire','Video problem ',20,34,NULL,'Optimized',0,'with_pay',NULL),(100203,'VIDEO','Media/Client/34_Swaransh_Sumit_Chavhan/Advertisement/ad_file_1744345031044.mp4','jain door April','','Brand awareness','2025-04-11','2025-05-10','Expire',NULL,20,34,NULL,'Optimized',0,'with_pay',NULL),(100204,'VIDEO','Media/Client/34_Swaransh_Sumit_Chavhan/Advertisement/ad_file_1744429462327.mp4','shree  jewellers April','','Brand awareness','2025-04-12','2025-05-11','Expire',NULL,18,34,NULL,'Optimized',0,'with_pay',NULL),(100205,'IMAGE','Media/Client/34_Swaransh_Sumit_Chavhan/Advertisement/ad_file_1744613186699.png','Nischay classes','','Event promotion','2025-04-14','2025-04-16','Expire',NULL,4,34,NULL,'Optimized',0,'with_pay',NULL),(100206,'IMAGE','Media/Client/49_Purushottam_Bhoyar_Bhoyar/Advertisement/ad_file_1744641969106.jpg','cn','','Lead generation','2025-04-14','2025-04-26','Expire',NULL,5,49,41,'Optimized',0,'with_pay',NULL),(100207,'VIDEO','Media/Client/59_Harshu_Dilip_Gaikwad/Advertisement/ad_file_1745310615853.mp4','impression pro','','Brand awareness','2025-04-22','2025-05-21','Expire',NULL,21,59,NULL,'Optimized',0,'with_pay',NULL),(100208,'IMAGE','Media/Client/33_Abhishek_Purushottam _Bhoyar/Advertisement/ad_file_1745683045387.jpg','DJ','cn','Event promotion','2025-04-26','2025-04-30','Expire',NULL,5,33,NULL,'Optimized',0,'with_pay',NULL),(100209,'IMAGE','Media/Client/33_Abhishek_Purushottam _Bhoyar/Advertisement/ad_file_1745826800296.jpg','ky','','Brand awareness','2025-04-28','2025-04-30','Expire',NULL,5,33,NULL,'Optimized',0,'with_pay',NULL),(100210,'VIDEO','Media/Client/59_Harshu_Dilip_Gaikwad/Advertisement/ad_file_1745900113668.mp4','impression pro','','Brand awareness','2025-04-29','2025-05-21','Expire',NULL,21,59,NULL,'Optimized',0,'with_pay',100207),(100211,'VIDEO','Media/Client/34_Swaransh_Sumit_Chavhan/Advertisement/ad_file_1745900404297.mp4','shree  jewellers April','','Brand awareness','2025-04-29','2025-05-11','Expire',NULL,18,34,NULL,'Optimized',0,'with_pay',100204),(100212,'IMAGE','Media/Client/32_Hathiram___Choudhary/Advertisement/ad_file_1745916152662.jpg','test','test','Event promotion','2025-04-29','2025-04-30','Expire',NULL,6,32,NULL,'Optimized',0,'with_pay',NULL),(100213,'IMAGE','Media/Client/32_Hathiram___Choudhary/Advertisement/ad_file_1745916412275.jpg','test','test','Event promotion','2025-04-29','2025-04-30','Expire',NULL,6,32,NULL,'Optimized',0,'with_pay',NULL),(100214,'VIDEO','Media/Client/29_Sumit_Chavhan_Employee/Advertisement/ad_file_1746162914129.mp4','Nishchay Classes May','','Brand awareness','2025-05-02','2025-06-01','Expire',NULL,4,29,NULL,'Optimized',0,'with_pay',NULL),(100215,'IMAGE','Media/Client/32_Hathiram___Choudhary/Advertisement/ad_file_1746189426859.jpg','test','test','Event promotion','2025-05-02','2025-05-03','Expire',NULL,6,32,NULL,'Optimized',0,'with_pay',NULL),(100216,'VIDEO','Media/Client/59_Harshu_Dilip_Gaikwad/Advertisement/ads_100216.mp4','impression pro','','Brand awareness','2025-05-04','2025-05-21','Expire',NULL,21,59,NULL,'Optimized',0,'with_pay',100210),(100217,'IMAGE','Media/Client/33_Abhishek_Purushottam _Bhoyar/Advertisement/ad_file_1746876225279.jpg','hmm','','Sales conversions','2025-05-10','2025-05-26','Expire',NULL,15,33,NULL,'Optimized',0,'with_pay',NULL),(100218,'VIDEO','Media/Client/34_Swaransh_Sumit_Chavhan/Advertisement/ad_file_1747045470592.mp4','Jai Door Group','','Brand awareness','2025-05-12','2025-06-11','Expire',NULL,20,34,NULL,'Optimized',0,'with_pay',NULL),(100219,'VIDEO','Media/Client/29_Sumit_Chavhan_Employee/Advertisement/ad_file_1747927593751.mp4','Nishchay Classes May','','Brand awareness','2025-05-22','2025-06-01','Expire',NULL,4,29,NULL,'Optimized',0,'with_pay',100214),(100220,'VIDEO','Media/Client/29_Sumit_Chavhan_Employee/Advertisement/ads_100220.mp4','Siyaram mobile','','Brand awareness','2025-06-01','2025-06-30','Expire','Duplicate ads',23,29,NULL,'Optimized',0,'with_pay',NULL),(100221,'VIDEO','Media/Client/71_Vijay_V_Kumar/Advertisement/ads_100221.mp4','Siyaram mobile','','Brand awareness','2025-06-01','2025-06-30','Expire',NULL,23,71,NULL,'Optimized',0,'with_pay',NULL),(100222,'VIDEO','Media/Client/29_Sumit_Chavhan_Employee/Advertisement/ad_file_1749971936029.mp4','shree jewellers june 15','','Brand awareness','2025-06-15','2025-07-14','Expire',NULL,18,29,NULL,'Optimized',0,'with_pay',NULL),(100223,'VIDEO','Media/Client/29_Sumit_Chavhan_Employee/Advertisement/ad_file_1749972554299.mp4','nishchay academy june','','Brand awareness','2025-06-15','2025-07-14','Expire',NULL,4,29,NULL,'Optimized',0,'with_pay',NULL),(100224,'VIDEO','Media/Client/52_Laxminarayan_Kishorilal_Kesarwani/Advertisement/ad_file_1749983295206.mp4','test','test','Event promotion','2025-06-15','2025-06-16','Expire','test',6,52,NULL,'Optimized',0,'with_pay',NULL),(100225,'VIDEO','Media/Client/29_Sumit_Chavhan_Employee/Advertisement/ad_file_1750735132870.mp4','SDA recruitment','','Brand awareness','2025-06-24','2025-06-30','Expire',NULL,5,29,NULL,'Optimized',0,'with_pay',NULL),(100226,'VIDEO','Media/Client/29_Sumit_Chavhan_Employee/Advertisement/ad_file_1750849641286.mp4','Requirement Ads','','Brand awareness','2025-06-25','2025-06-30','Expire',NULL,5,29,NULL,'Optimized',0,'with_pay',NULL),(100227,'VIDEO','Media/Client/32_Hathiram___Choudhary/Advertisement/ad_file_1751554164333.mp4','test','test','Brand awareness','2025-07-03','2025-07-04','Expire',NULL,6,32,NULL,'Optimized',0,'with_pay',NULL),(100228,'IMAGE','Media/Client/29_Sumit_Chavhan_Employee/Advertisement/ad_file_1752332070103.jpg','ahkk','afhi','Brand awareness','2025-07-12','2025-07-14','Expire',NULL,4,29,NULL,'Optimized',0,'with_pay',NULL),(100229,'IMAGE','Media/Client/34_Swaransh_Sumit_Chavhan/Advertisement/ad_file_1752351405238.jpg','Sumit','stu8i','Brand awareness','2025-07-13','2025-07-14','Expire',NULL,8,34,NULL,'Optimized',1,'with_pay',NULL),(100230,'VIDEO','Media/Client/34_Swaransh_Sumit_Chavhan/Advertisement/ads_100230.mp4','sfgh','gguu','Lead generation','2025-07-13','2025-07-15','Expire',NULL,8,34,NULL,'Optimized',1,'with_pay',NULL),(100231,'VIDEO','Media/Client/29_Sumit_Chavhan_Employee/Advertisement/ad_file_1752352166872.mp4','test','ghu','Brand awareness','2025-07-13','2025-07-14','Expire',NULL,22,29,NULL,'Optimized',0,'with_pay',NULL),(100232,'VIDEO','Media/Client/32_Hathiram___Choudhary/Advertisement/ad_file_1752544489098.mp4','test','test','Event promotion','2025-07-15','2025-07-16','On Review',NULL,6,32,NULL,'Optimized',0,'with_pay',NULL),(100233,'IMAGE','Media/Client/32_Hathiram___Choudhary/Advertisement/ad_file_1752546634103.png','test','test','Event promotion','2025-07-15','2025-07-16','On Review',NULL,6,32,NULL,'Optimized',0,'with_pay',NULL),(100234,'VIDEO','Media/Client/32_Hathiram___Choudhary/Advertisement/ad_file_1752547997863.mp4','test','test','Event promotion','2025-07-15','2025-07-16','On Review',NULL,6,32,NULL,'Optimized',0,'with_pay',NULL);
/*!40000 ALTER TABLE `Advertisement` ENABLE KEYS */;
UNLOCK TABLES;

--
-- Table structure for table `AdvertisementBill`
--

DROP TABLE IF EXISTS `AdvertisementBill`;
/*!40101 SET @saved_cs_client     = @@character_set_client */;
/*!50503 SET character_set_client = utf8mb4 */;
CREATE TABLE `AdvertisementBill` (
  `ad_bill_id` int NOT NULL AUTO_INCREMENT,
  `ad_amt` decimal(10,4) DEFAULT NULL,
  `discount` decimal(2,2) DEFAULT NULL,
  `gst_amt` decimal(10,4) DEFAULT NULL,
  `total_amt` decimal(10,4) DEFAULT NULL,
  `paid_amt` decimal(10,4) DEFAULT NULL,
  `ad_bill_status` enum('Paid','Unpaid','Partial Payment') DEFAULT NULL,
  `ads_id` int NOT NULL,
  `invoice_id` int NOT NULL,
  PRIMARY KEY (`ad_bill_id`),
  KEY `ads_id` (`ads_id`),
  KEY `invoice_id` (`invoice_id`),
  CONSTRAINT `AdvertisementBill_ibfk_1` FOREIGN KEY (`ads_id`) REFERENCES `Advertisement` (`ads_id`),
  CONSTRAINT `AdvertisementBill_ibfk_2` FOREIGN KEY (`invoice_id`) REFERENCES `Invoice` (`invoice_id`)
) ENGINE=InnoDB AUTO_INCREMENT=145 DEFAULT CHARSET=utf8mb4 COLLATE=utf8mb4_0900_ai_ci;
/*!40101 SET character_set_client = @saved_cs_client */;

--
-- Dumping data for table `AdvertisementBill`
--

LOCK TABLES `AdvertisementBill` WRITE;
/*!40000 ALTER TABLE `AdvertisementBill` DISABLE KEYS */;
INSERT INTO `AdvertisementBill` VALUES (6,8400.0000,NULL,NULL,8400.0000,0.0000,'Unpaid',100005,14),(7,6000.0000,NULL,NULL,6000.0000,0.0000,'Unpaid',100006,15),(8,1500.0000,NULL,NULL,1500.0000,0.0000,'Unpaid',100007,16),(9,11200.0000,NULL,NULL,11200.0000,0.0000,'Unpaid',100008,17),(10,1600.0000,NULL,NULL,1600.0000,0.0000,'Unpaid',100009,18),(11,900.0000,NULL,NULL,900.0000,0.0000,'Unpaid',100011,19),(12,900.0000,NULL,NULL,900.0000,0.0000,'Unpaid',100012,20),(13,800.0000,NULL,NULL,800.0000,0.0000,'Unpaid',100013,21),(14,800.0000,NULL,NULL,800.0000,0.0000,'Unpaid',100014,22),(15,800.0000,NULL,NULL,800.0000,0.0000,'Unpaid',100015,23),(16,800.0000,NULL,NULL,800.0000,0.0000,'Unpaid',100016,24),(18,200.0000,NULL,NULL,200.0000,0.0000,'Unpaid',100018,26),(19,400.0000,NULL,NULL,400.0000,0.0000,'Unpaid',100019,27),(20,200.0000,NULL,NULL,200.0000,0.0000,'Unpaid',100020,28),(21,400.0000,NULL,NULL,400.0000,0.0000,'Unpaid',100021,29),(22,400.0000,NULL,NULL,400.0000,0.0000,'Unpaid',100022,30),(23,3200.0000,NULL,NULL,3200.0000,0.0000,'Unpaid',100023,31),(24,3200.0000,NULL,NULL,3200.0000,0.0000,'Unpaid',100024,32),(26,600.0000,NULL,NULL,600.0000,0.0000,'Unpaid',100026,34),(27,10200.0000,NULL,NULL,10200.0000,0.0000,'Unpaid',100027,35),(28,9000.0000,NULL,NULL,9000.0000,0.0000,'Unpaid',100028,36),(29,0.0000,NULL,NULL,0.0000,0.0000,'Unpaid',100029,37),(30,600.0000,NULL,NULL,600.0000,0.0000,'Unpaid',100030,38),(31,600.0000,NULL,NULL,600.0000,0.0000,'Unpaid',100031,39),(32,600.0000,NULL,NULL,600.0000,0.0000,'Unpaid',100032,40),(33,1200.0000,NULL,NULL,1200.0000,0.0000,'Unpaid',100033,41),(34,1200.0000,NULL,NULL,1200.0000,0.0000,'Unpaid',100036,42),(35,600.0000,NULL,NULL,600.0000,0.0000,'Unpaid',100037,43),(36,600.0000,NULL,NULL,600.0000,0.0000,'Unpaid',100038,44),(37,600.0000,NULL,NULL,600.0000,0.0000,'Unpaid',100039,45),(38,600.0000,NULL,NULL,600.0000,0.0000,'Unpaid',100040,46),(39,600.0000,NULL,NULL,600.0000,0.0000,'Unpaid',100041,47),(40,1600.0000,NULL,NULL,1600.0000,0.0000,'Unpaid',100042,48),(41,5600.0000,NULL,NULL,5600.0000,0.0000,'Unpaid',100043,49),(42,600.0000,NULL,NULL,600.0000,0.0000,'Unpaid',100044,50),(43,5600.0000,NULL,NULL,5600.0000,0.0000,'Unpaid',100045,51),(44,600.0000,NULL,NULL,600.0000,0.0000,'Unpaid',100046,52),(45,1400.0000,NULL,NULL,1400.0000,0.0000,'Unpaid',100048,53),(46,1400.0000,NULL,NULL,1400.0000,0.0000,'Unpaid',100049,54),(47,1400.0000,NULL,NULL,1400.0000,0.0000,'Unpaid',100050,55),(48,1400.0000,NULL,NULL,1400.0000,0.0000,'Unpaid',100051,56),(49,3600.0000,NULL,NULL,3600.0000,0.0000,'Unpaid',100052,57),(50,900.0000,NULL,NULL,900.0000,0.0000,'Unpaid',100053,58),(51,900.0000,NULL,NULL,900.0000,0.0000,'Unpaid',100054,59),(52,900.0000,NULL,NULL,900.0000,0.0000,'Unpaid',100055,60),(53,1200.0000,NULL,NULL,1200.0000,0.0000,'Unpaid',100056,61),(54,3300.0000,NULL,NULL,3300.0000,0.0000,'Unpaid',100057,62),(61,600.0000,0.00,0.0000,600.0000,0.0000,'Paid',100064,69),(63,1800.0000,NULL,NULL,1800.0000,0.0000,'Unpaid',100066,71),(64,1800.0000,NULL,NULL,1800.0000,0.0000,'Unpaid',100067,72),(65,1200.0000,NULL,NULL,1200.0000,0.0000,'Unpaid',100068,73),(100,400.0000,NULL,NULL,400.0000,0.0000,'Unpaid',100104,108),(101,400.0000,NULL,NULL,400.0000,0.0000,'Unpaid',100105,109),(102,400.0000,NULL,NULL,400.0000,0.0000,'Unpaid',100106,110),(103,5600.0000,NULL,NULL,5600.0000,0.0000,'Unpaid',100107,111),(112,2400.0000,NULL,NULL,2400.0000,0.0000,'Unpaid',100116,120),(113,1200.0000,NULL,NULL,1200.0000,0.0000,'Unpaid',100120,121),(114,1200.0000,NULL,NULL,1200.0000,0.0000,'Unpaid',100121,122),(115,1200.0000,NULL,NULL,1200.0000,0.0000,'Unpaid',100122,123),(116,67.0000,NULL,NULL,67.0000,0.0000,'Unpaid',100123,124),(118,971.5000,NULL,NULL,971.5000,0.0000,'Paid',100125,126),(119,0.0000,0.00,0.0000,0.0000,0.0000,'Paid',100126,136),(121,100.0000,0.00,0.0000,100.0000,100.0000,'Paid',100028,36),(122,100.0000,0.00,0.0000,100.0000,100.0000,'Unpaid',100028,36),(123,9000.0000,0.00,0.0000,100.0000,0.0000,'Unpaid',100028,36),(124,100.0000,0.00,0.0000,100.0000,100.0000,'Paid',100028,36),(125,100.0000,0.00,0.0000,100.0000,100.0000,'Unpaid',100028,36),(127,3600.0000,NULL,NULL,3600.0000,0.0000,'Unpaid',100130,139),(128,3115.5000,NULL,NULL,3115.5000,0.0000,'Unpaid',100129,140),(129,7269.5000,NULL,NULL,7269.5000,0.0000,'Paid',100131,141),(130,7269.5000,0.00,0.0000,7269.5000,7269.0000,'Paid',100131,141),(131,7269.5000,0.00,0.0000,7269.5000,0.0000,'Paid',100131,141),(132,7269.5000,0.00,0.0000,7269.5000,0.0000,'Paid',100131,141),(133,7269.5000,0.00,0.0000,7269.5000,0.0000,'Paid',100131,141),(140,1804.5000,NULL,NULL,1804.5000,0.0000,'Unpaid',100138,146),(141,1038.5000,0.00,0.0000,1038.5000,1038.5000,'Paid',100139,147),(142,1038.5000,NULL,NULL,1038.5000,0.0000,'Unpaid',100140,148),(143,10050.0000,NULL,NULL,10050.0000,0.0000,'Unpaid',100141,151),(144,20723.5000,0.00,0.0000,20723.5000,0.0000,'Paid',100142,153);
/*!40000 ALTER TABLE `AdvertisementBill` ENABLE KEYS */;
UNLOCK TABLES;
/*!50003 SET @saved_cs_client      = @@character_set_client */ ;
/*!50003 SET @saved_cs_results     = @@character_set_results */ ;
/*!50003 SET @saved_col_connection = @@collation_connection */ ;
/*!50003 SET character_set_client  = utf8mb4 */ ;
/*!50003 SET character_set_results = utf8mb4 */ ;
/*!50003 SET collation_connection  = utf8mb4_0900_ai_ci */ ;
/*!50003 SET @saved_sql_mode       = @@sql_mode */ ;
/*!50003 SET sql_mode              = 'ONLY_FULL_GROUP_BY,STRICT_TRANS_TABLES,NO_ZERO_IN_DATE,NO_ZERO_DATE,ERROR_FOR_DIVISION_BY_ZERO,NO_ENGINE_SUBSTITUTION' */ ;
DELIMITER ;;
/*!50003 CREATE*/ /*!50017 DEFINER=`root`@`localhost`*/ /*!50003 TRIGGER `update_pay_amount_after_ad_bill_insert` AFTER INSERT ON `AdvertisementBill` FOR EACH ROW BEGIN
    
    UPDATE AdvertisementDisplay
    SET pay_amount = (30 / 100) * NEW.total_amt
    WHERE ads_id = NEW.ads_id;
END */;;
DELIMITER ;
/*!50003 SET sql_mode              = @saved_sql_mode */ ;
/*!50003 SET character_set_client  = @saved_cs_client */ ;
/*!50003 SET character_set_results = @saved_cs_results */ ;
/*!50003 SET collation_connection  = @saved_col_connection */ ;

--
-- Table structure for table `AdvertisementDisplay`
--

DROP TABLE IF EXISTS `AdvertisementDisplay`;
/*!40101 SET @saved_cs_client     = @@character_set_client */;
/*!50503 SET character_set_client = utf8mb4 */;
CREATE TABLE `AdvertisementDisplay` (
  `ad_display_id` int NOT NULL AUTO_INCREMENT,
  `display_id` int NOT NULL,
  `ads_id` int NOT NULL,
  `pay_status` enum('Paid','Unpaid') NOT NULL DEFAULT 'Unpaid',
  `share_per` decimal(5,2) DEFAULT '30.00',
  `pay_amount` decimal(10,4) DEFAULT '0.0000',
  `process_start_date` date DEFAULT NULL,
  `process_end_date` date DEFAULT NULL,
  `pay_date` date DEFAULT NULL,
  PRIMARY KEY (`ad_display_id`),
  UNIQUE KEY `ads_id` (`ads_id`,`display_id`),
  KEY `display_id` (`display_id`),
  CONSTRAINT `AdvertisementDisplay_ibfk_1` FOREIGN KEY (`ads_id`) REFERENCES `Advertisement` (`ads_id`),
  CONSTRAINT `AdvertisementDisplay_ibfk_2` FOREIGN KEY (`display_id`) REFERENCES `Display` (`display_id`)
) ENGINE=InnoDB AUTO_INCREMENT=859 DEFAULT CHARSET=utf8mb4 COLLATE=utf8mb4_0900_ai_ci;
/*!40101 SET character_set_client = @saved_cs_client */;

--
-- Dumping data for table `AdvertisementDisplay`
--

LOCK TABLES `AdvertisementDisplay` WRITE;
/*!40000 ALTER TABLE `AdvertisementDisplay` DISABLE KEYS */;
INSERT INTO `AdvertisementDisplay` VALUES (35,100001,100005,'Paid',30.00,0.0000,NULL,NULL,NULL),(36,100001,100006,'Paid',30.00,0.0000,NULL,NULL,NULL),(37,100001,100007,'Paid',30.00,0.0000,NULL,NULL,NULL),(38,100001,100008,'Paid',30.00,0.0000,NULL,NULL,NULL),(39,100002,100008,'Unpaid',30.00,0.0000,NULL,NULL,NULL),(40,100002,100009,'Unpaid',30.00,0.0000,NULL,NULL,NULL),(41,100001,100009,'Paid',30.00,0.0000,NULL,NULL,NULL),(42,100003,100011,'Unpaid',30.00,0.0000,NULL,NULL,NULL),(43,100003,100012,'Unpaid',30.00,0.0000,NULL,NULL,NULL),(44,100003,100013,'Unpaid',30.00,0.0000,NULL,NULL,NULL),(45,100003,100014,'Unpaid',30.00,0.0000,NULL,NULL,NULL),(46,100003,100015,'Unpaid',30.00,0.0000,NULL,NULL,NULL),(47,100003,100016,'Unpaid',30.00,0.0000,NULL,NULL,NULL),(49,100003,100018,'Unpaid',30.00,0.0000,NULL,NULL,NULL),(50,100003,100019,'Unpaid',30.00,0.0000,NULL,NULL,NULL),(51,100003,100020,'Unpaid',30.00,0.0000,NULL,NULL,NULL),(52,100003,100021,'Unpaid',30.00,0.0000,NULL,NULL,NULL),(53,100003,100022,'Unpaid',30.00,0.0000,NULL,NULL,NULL),(54,100003,100023,'Unpaid',30.00,0.0000,NULL,NULL,NULL),(55,100003,100024,'Unpaid',30.00,0.0000,NULL,NULL,NULL),(57,100001,100026,'Paid',30.00,0.0000,NULL,NULL,NULL),(58,100001,100027,'Paid',30.00,0.0000,NULL,NULL,NULL),(59,100001,100028,'Paid',30.00,0.0000,NULL,NULL,NULL),(60,100001,100029,'Paid',30.00,0.0000,NULL,NULL,NULL),(61,100001,100030,'Paid',30.00,0.0000,NULL,NULL,NULL),(62,100001,100031,'Paid',30.00,0.0000,NULL,NULL,NULL),(63,100001,100032,'Paid',30.00,0.0000,NULL,NULL,NULL),(64,100001,100033,'Paid',30.00,0.0000,NULL,NULL,NULL),(67,100001,100036,'Paid',30.00,0.0000,NULL,NULL,NULL),(68,100001,100037,'Paid',30.00,0.0000,NULL,NULL,NULL),(69,100001,100038,'Paid',30.00,0.0000,NULL,NULL,NULL),(70,100001,100039,'Paid',30.00,0.0000,NULL,NULL,NULL),(71,100001,100040,'Paid',30.00,0.0000,NULL,NULL,NULL),(72,100003,100041,'Unpaid',30.00,0.0000,NULL,NULL,NULL),(73,100003,100042,'Unpaid',30.00,0.0000,NULL,NULL,NULL),(74,100003,100043,'Unpaid',30.00,0.0000,NULL,NULL,NULL),(75,100003,100044,'Unpaid',30.00,0.0000,NULL,NULL,NULL),(76,100003,100045,'Unpaid',30.00,0.0000,NULL,NULL,NULL),(77,100001,100046,'Paid',30.00,0.0000,NULL,NULL,NULL),(78,100003,100048,'Unpaid',30.00,0.0000,NULL,NULL,NULL),(79,100003,100049,'Unpaid',30.00,0.0000,NULL,NULL,NULL),(80,100003,100050,'Unpaid',30.00,0.0000,NULL,NULL,NULL),(81,100003,100051,'Unpaid',30.00,0.0000,NULL,NULL,NULL),(82,100001,100052,'Paid',30.00,0.0000,NULL,NULL,NULL),(83,100001,100053,'Paid',30.00,0.0000,NULL,NULL,NULL),(84,100001,100054,'Paid',30.00,0.0000,NULL,NULL,NULL),(85,100001,100055,'Paid',30.00,0.0000,NULL,NULL,NULL),(86,100001,100056,'Paid',30.00,0.0000,NULL,NULL,NULL),(87,100001,100057,'Paid',30.00,0.0000,NULL,NULL,NULL),(94,100001,100064,'Paid',30.00,0.0000,NULL,NULL,NULL),(96,100001,100066,'Paid',30.00,0.0000,NULL,NULL,NULL),(97,100001,100067,'Paid',30.00,0.0000,NULL,NULL,NULL),(98,100003,100068,'Unpaid',30.00,0.0000,NULL,NULL,NULL),(134,100003,100104,'Unpaid',30.00,0.0000,NULL,NULL,NULL),(135,100003,100105,'Unpaid',30.00,0.0000,NULL,NULL,NULL),(136,100003,100106,'Unpaid',30.00,0.0000,NULL,NULL,NULL),(137,100003,100107,'Unpaid',30.00,0.0000,NULL,NULL,NULL),(147,100003,100116,'Unpaid',30.00,0.0000,NULL,NULL,NULL),(149,100001,100120,'Paid',30.00,0.0000,NULL,NULL,NULL),(150,100001,100121,'Paid',30.00,0.0000,NULL,NULL,NULL),(151,100001,100122,'Paid',30.00,0.0000,NULL,NULL,NULL),(152,100002,100123,'Unpaid',30.00,0.0000,NULL,NULL,NULL),(154,100010,100125,'Unpaid',30.00,0.0000,NULL,NULL,NULL),(155,100001,100126,'Paid',30.00,0.0000,NULL,NULL,NULL),(158,100001,100130,'Paid',30.00,0.0000,NULL,NULL,NULL),(159,100010,100129,'Unpaid',30.00,0.0000,NULL,NULL,NULL),(160,100013,100129,'Unpaid',30.00,0.0000,NULL,NULL,NULL),(161,100014,100129,'Paid',30.00,0.0000,NULL,NULL,'2025-04-07'),(162,100010,100131,'Unpaid',30.00,0.0000,NULL,NULL,NULL),(163,100011,100131,'Paid',30.00,0.0000,NULL,NULL,NULL),(164,100015,100131,'Unpaid',30.00,0.0000,NULL,NULL,NULL),(165,100016,100131,'Paid',30.00,0.0000,NULL,NULL,'2025-04-17'),(166,100012,100131,'Unpaid',30.00,0.0000,NULL,NULL,NULL),(167,100013,100131,'Unpaid',30.00,0.0000,NULL,NULL,NULL),(168,100014,100131,'Paid',30.00,0.0000,NULL,NULL,'2025-04-07'),(173,100001,100138,'Paid',30.00,0.0000,NULL,NULL,NULL),(174,100014,100138,'Paid',30.00,0.0000,NULL,NULL,'2025-05-19'),(175,100013,100138,'Unpaid',30.00,0.0000,NULL,NULL,NULL),(176,100012,100138,'Unpaid',30.00,0.0000,NULL,NULL,NULL),(177,100018,100138,'Unpaid',30.00,0.0000,NULL,NULL,NULL),(178,100017,100138,'Unpaid',30.00,0.0000,NULL,NULL,NULL),(179,100016,100138,'Paid',30.00,0.0000,NULL,NULL,'2025-04-17'),(180,100015,100138,'Unpaid',30.00,0.0000,NULL,NULL,NULL),(181,100011,100138,'Paid',30.00,0.0000,NULL,NULL,NULL),(182,100010,100138,'Unpaid',30.00,0.0000,NULL,NULL,NULL),(183,100019,100139,'Paid',30.00,0.0000,NULL,NULL,'2025-04-12'),(184,100010,100140,'Unpaid',30.00,0.0000,NULL,NULL,NULL),(185,100012,100140,'Unpaid',30.00,0.0000,NULL,NULL,NULL),(186,100013,100140,'Unpaid',30.00,0.0000,NULL,NULL,NULL),(187,100014,100140,'Paid',30.00,0.0000,NULL,NULL,'2025-04-07'),(188,100019,100140,'Paid',30.00,0.0000,NULL,NULL,'2025-04-12'),(189,100015,100140,'Unpaid',30.00,0.0000,NULL,NULL,NULL),(190,100016,100140,'Paid',30.00,0.0000,NULL,NULL,'2025-04-17'),(191,100017,100140,'Unpaid',30.00,0.0000,NULL,NULL,NULL),(192,100018,100140,'Unpaid',30.00,0.0000,NULL,NULL,NULL),(194,100001,100140,'Paid',30.00,0.0000,NULL,NULL,NULL),(195,100005,100140,'Paid',30.00,0.0000,NULL,NULL,'2025-05-19'),(204,100005,100141,'Paid',30.00,0.0000,NULL,NULL,'2025-05-19'),(205,100010,100141,'Unpaid',30.00,0.0000,NULL,NULL,NULL),(206,100011,100141,'Paid',30.00,0.0000,NULL,NULL,NULL),(207,100015,100141,'Unpaid',30.00,0.0000,NULL,NULL,NULL),(208,100016,100141,'Paid',30.00,0.0000,NULL,NULL,'2025-04-17'),(209,100017,100141,'Unpaid',30.00,0.0000,NULL,NULL,NULL),(210,100018,100141,'Unpaid',30.00,0.0000,NULL,NULL,NULL),(211,100012,100141,'Unpaid',30.00,0.0000,NULL,NULL,NULL),(212,100013,100141,'Unpaid',30.00,0.0000,NULL,NULL,NULL),(213,100014,100141,'Paid',30.00,0.0000,NULL,NULL,'2025-04-07'),(215,100001,100142,'Unpaid',30.00,0.0000,NULL,NULL,NULL),(216,100005,100142,'Paid',30.00,0.0000,NULL,NULL,'2025-05-19'),(217,100010,100142,'Unpaid',30.00,0.0000,NULL,NULL,NULL),(218,100011,100142,'Paid',30.00,0.0000,NULL,NULL,NULL),(219,100015,100142,'Unpaid',30.00,0.0000,NULL,NULL,NULL),(220,100016,100142,'Paid',30.00,0.0000,NULL,NULL,'2025-04-17'),(221,100017,100142,'Unpaid',30.00,0.0000,NULL,NULL,NULL),(222,100018,100142,'Unpaid',30.00,0.0000,NULL,NULL,NULL),(223,100012,100142,'Unpaid',30.00,0.0000,NULL,NULL,NULL),(224,100013,100142,'Unpaid',30.00,0.0000,NULL,NULL,NULL),(225,100014,100142,'Paid',30.00,0.0000,NULL,NULL,'2025-04-07'),(226,100019,100142,'Paid',30.00,0.0000,NULL,NULL,'2025-04-12'),(241,100001,100149,'Paid',30.00,0.0000,NULL,NULL,NULL),(242,100001,100150,'Paid',30.00,0.0000,NULL,NULL,NULL),(243,100001,100151,'Paid',30.00,0.0000,NULL,NULL,NULL),(244,100001,100152,'Paid',30.00,0.0000,NULL,NULL,NULL),(257,100001,100154,'Paid',30.00,0.0000,NULL,NULL,NULL),(258,100005,100154,'Unpaid',30.00,0.0000,NULL,NULL,NULL),(259,100010,100154,'Unpaid',30.00,0.0000,NULL,NULL,NULL),(260,100011,100154,'Unpaid',30.00,0.0000,NULL,NULL,NULL),(261,100012,100154,'Unpaid',30.00,0.0000,NULL,NULL,NULL),(262,100013,100154,'Unpaid',30.00,0.0000,NULL,NULL,NULL),(263,100014,100154,'Unpaid',30.00,0.0000,NULL,NULL,NULL),(264,100015,100154,'Unpaid',30.00,0.0000,NULL,NULL,NULL),(265,100016,100154,'Unpaid',30.00,0.0000,NULL,NULL,NULL),(266,100017,100154,'Unpaid',30.00,0.0000,NULL,NULL,NULL),(267,100018,100154,'Unpaid',30.00,0.0000,NULL,NULL,NULL),(268,100019,100154,'Unpaid',30.00,0.0000,NULL,NULL,NULL),(269,100001,100155,'Paid',30.00,0.0000,NULL,NULL,NULL),(270,100001,100158,'Paid',30.00,0.0000,NULL,NULL,NULL),(271,100021,100158,'Unpaid',30.00,0.0000,NULL,NULL,NULL),(272,100001,100159,'Paid',30.00,0.0000,NULL,NULL,NULL),(273,100021,100159,'Unpaid',30.00,0.0000,NULL,NULL,NULL),(274,100005,100159,'Unpaid',30.00,0.0000,NULL,NULL,NULL),(275,100011,100161,'Unpaid',30.00,0.0000,NULL,NULL,NULL),(276,100015,100161,'Unpaid',30.00,0.0000,NULL,NULL,NULL),(277,100016,100161,'Unpaid',30.00,0.0000,NULL,NULL,NULL),(278,100017,100161,'Unpaid',30.00,0.0000,NULL,NULL,NULL),(279,100018,100161,'Unpaid',30.00,0.0000,NULL,NULL,NULL),(280,100024,100161,'Unpaid',30.00,0.0000,NULL,NULL,NULL),(281,100010,100161,'Unpaid',30.00,0.0000,NULL,NULL,NULL),(282,100012,100161,'Unpaid',30.00,0.0000,NULL,NULL,NULL),(283,100013,100161,'Unpaid',30.00,0.0000,NULL,NULL,NULL),(284,100014,100161,'Unpaid',30.00,0.0000,NULL,NULL,NULL),(285,100019,100161,'Unpaid',30.00,0.0000,NULL,NULL,NULL),(286,100022,100161,'Unpaid',30.00,0.0000,NULL,NULL,NULL),(287,100007,100161,'Unpaid',30.00,0.0000,NULL,NULL,NULL),(301,100007,100162,'Unpaid',30.00,0.0000,NULL,NULL,NULL),(302,100011,100162,'Unpaid',30.00,0.0000,NULL,NULL,NULL),(303,100015,100162,'Unpaid',30.00,0.0000,NULL,NULL,NULL),(304,100016,100162,'Unpaid',30.00,0.0000,NULL,NULL,NULL),(305,100017,100162,'Unpaid',30.00,0.0000,NULL,NULL,NULL),(306,100018,100162,'Unpaid',30.00,0.0000,NULL,NULL,NULL),(307,100024,100162,'Unpaid',30.00,0.0000,NULL,NULL,NULL),(308,100010,100162,'Unpaid',30.00,0.0000,NULL,NULL,NULL),(309,100012,100162,'Unpaid',30.00,0.0000,NULL,NULL,NULL),(310,100013,100162,'Unpaid',30.00,0.0000,NULL,NULL,NULL),(311,100014,100162,'Unpaid',30.00,0.0000,NULL,NULL,NULL),(312,100019,100162,'Unpaid',30.00,0.0000,NULL,NULL,NULL),(313,100022,100162,'Unpaid',30.00,0.0000,NULL,NULL,NULL),(314,100019,100163,'Unpaid',30.00,0.0000,NULL,NULL,NULL),(315,100010,100164,'Unpaid',30.00,0.0000,NULL,NULL,NULL),(316,100011,100164,'Paid',30.00,0.0000,NULL,NULL,NULL),(317,100012,100164,'Unpaid',30.00,0.0000,NULL,NULL,NULL),(318,100013,100164,'Unpaid',30.00,0.0000,NULL,NULL,NULL),(319,100014,100164,'Unpaid',30.00,0.0000,NULL,NULL,NULL),(320,100015,100164,'Unpaid',30.00,0.0000,NULL,NULL,NULL),(321,100016,100164,'Paid',30.00,0.0000,NULL,NULL,'2025-04-17'),(322,100007,100165,'Unpaid',30.00,0.0000,NULL,NULL,NULL),(323,100018,100165,'Unpaid',30.00,0.0000,NULL,NULL,NULL),(324,100017,100165,'Unpaid',30.00,0.0000,NULL,NULL,NULL),(325,100022,100166,'Unpaid',30.00,0.0000,NULL,NULL,NULL),(326,100007,100167,'Unpaid',30.00,0.0000,NULL,NULL,NULL),(327,100011,100167,'Paid',30.00,0.0000,NULL,NULL,NULL),(328,100015,100167,'Unpaid',30.00,0.0000,NULL,NULL,NULL),(329,100016,100167,'Paid',30.00,0.0000,NULL,NULL,'2025-04-17'),(330,100017,100167,'Unpaid',30.00,0.0000,NULL,NULL,NULL),(331,100018,100167,'Unpaid',30.00,0.0000,NULL,NULL,NULL),(332,100024,100167,'Paid',30.00,0.0000,NULL,NULL,'2025-04-17'),(333,100012,100167,'Unpaid',30.00,0.0000,NULL,NULL,NULL),(334,100013,100167,'Unpaid',30.00,0.0000,NULL,NULL,NULL),(335,100014,100167,'Unpaid',30.00,0.0000,NULL,NULL,NULL),(336,100019,100167,'Paid',30.00,0.0000,NULL,NULL,'2025-04-13'),(337,100022,100167,'Unpaid',30.00,0.0000,NULL,NULL,NULL),(338,100024,100171,'Unpaid',30.00,0.0000,NULL,NULL,NULL),(339,100007,100173,'Unpaid',30.00,0.0000,NULL,NULL,NULL),(340,100018,100174,'Unpaid',30.00,0.0000,NULL,NULL,NULL),(341,100001,100175,'Unpaid',30.00,0.0000,NULL,NULL,NULL),(342,100006,100175,'Unpaid',30.00,0.0000,NULL,NULL,NULL),(343,100006,100176,'Unpaid',30.00,0.0000,'2025-04-25','2025-05-02',NULL),(344,100001,100176,'Unpaid',30.00,0.0000,'2025-04-25','2025-05-02',NULL),(345,100021,100176,'Unpaid',30.00,0.0000,'2025-04-25','2025-05-02',NULL),(346,100001,100177,'Unpaid',30.00,0.0000,'2025-04-08','2025-04-15',NULL),(347,100021,100177,'Unpaid',30.00,0.0000,'2025-04-08','2025-04-15',NULL),(348,100027,100177,'Unpaid',30.00,0.0000,'2025-04-08','2025-04-15',NULL),(349,100026,100177,'Unpaid',30.00,0.0000,'2025-04-08','2025-04-15',NULL),(350,100025,100177,'Unpaid',30.00,0.0000,'2025-04-08','2025-04-15',NULL),(351,100028,100177,'Unpaid',30.00,0.0000,'2025-04-08','2025-04-15',NULL),(352,100001,100178,'Unpaid',30.00,0.0000,'2025-04-08','2025-04-15',NULL),(353,100021,100178,'Unpaid',30.00,0.0000,'2025-04-08','2025-04-15',NULL),(354,100026,100178,'Unpaid',30.00,0.0000,'2025-04-08','2025-04-15',NULL),(355,100025,100178,'Unpaid',30.00,0.0000,'2025-04-08','2025-04-15',NULL),(356,100027,100178,'Unpaid',30.00,0.0000,'2025-04-08','2025-04-15',NULL),(357,100028,100178,'Unpaid',30.00,0.0000,'2025-04-08','2025-04-15',NULL),(358,100001,100179,'Unpaid',30.00,0.0000,'2025-04-30','2025-05-07',NULL),(359,100021,100179,'Unpaid',30.00,0.0000,'2025-04-30','2025-05-07',NULL),(360,100026,100179,'Unpaid',30.00,0.0000,'2025-04-30','2025-05-07',NULL),(361,100025,100179,'Unpaid',30.00,0.0000,'2025-04-30','2025-05-07',NULL),(362,100028,100179,'Unpaid',30.00,0.0000,'2025-04-30','2025-05-07',NULL),(363,100027,100179,'Unpaid',30.00,0.0000,'2025-04-30','2025-05-07',NULL),(364,100001,100180,'Unpaid',30.00,0.0000,'2025-04-30','2025-05-07',NULL),(365,100026,100180,'Unpaid',30.00,0.0000,'2025-04-30','2025-05-07',NULL),(366,100021,100180,'Unpaid',30.00,0.0000,'2025-04-30','2025-05-07',NULL),(367,100025,100180,'Unpaid',30.00,0.0000,'2025-04-30','2025-05-07',NULL),(368,100028,100180,'Unpaid',30.00,0.0000,'2025-04-30','2025-05-07',NULL),(369,100027,100180,'Unpaid',30.00,0.0000,'2025-04-30','2025-05-07',NULL),(370,100001,100181,'Unpaid',30.00,0.0000,'2025-04-30','2025-05-07',NULL),(371,100026,100181,'Unpaid',30.00,0.0000,'2025-04-30','2025-05-07',NULL),(372,100021,100181,'Unpaid',30.00,0.0000,'2025-04-30','2025-05-07',NULL),(373,100025,100181,'Unpaid',30.00,0.0000,'2025-04-30','2025-05-07',NULL),(374,100028,100181,'Unpaid',30.00,0.0000,'2025-04-30','2025-05-07',NULL),(375,100027,100181,'Unpaid',30.00,0.0000,'2025-04-30','2025-05-07',NULL),(376,100001,100182,'Unpaid',30.00,0.0000,'2025-04-30','2025-05-07',NULL),(377,100026,100182,'Unpaid',30.00,0.0000,'2025-04-30','2025-05-07',NULL),(378,100021,100182,'Unpaid',30.00,0.0000,'2025-04-30','2025-05-07',NULL),(379,100025,100182,'Unpaid',30.00,0.0000,'2025-04-30','2025-05-07',NULL),(380,100028,100182,'Unpaid',30.00,0.0000,'2025-04-30','2025-05-07',NULL),(381,100027,100182,'Unpaid',30.00,0.0000,'2025-04-30','2025-05-07',NULL),(382,100001,100183,'Unpaid',30.00,0.0000,'2025-04-30','2025-05-07',NULL),(383,100026,100183,'Unpaid',30.00,0.0000,'2025-04-30','2025-05-07',NULL),(384,100021,100183,'Unpaid',30.00,0.0000,'2025-04-30','2025-05-07',NULL),(385,100025,100183,'Unpaid',30.00,0.0000,'2025-04-30','2025-05-07',NULL),(386,100028,100183,'Unpaid',30.00,0.0000,'2025-04-30','2025-05-07',NULL),(387,100027,100183,'Unpaid',30.00,0.0000,'2025-04-30','2025-05-07',NULL),(388,100001,100184,'Unpaid',30.00,0.0000,'2025-04-30','2025-05-07',NULL),(389,100026,100184,'Unpaid',30.00,0.0000,'2025-04-30','2025-05-07',NULL),(390,100021,100184,'Unpaid',30.00,0.0000,'2025-04-30','2025-05-07',NULL),(391,100025,100184,'Unpaid',30.00,0.0000,'2025-04-30','2025-05-07',NULL),(392,100028,100184,'Unpaid',30.00,0.0000,'2025-04-30','2025-05-07',NULL),(393,100027,100184,'Unpaid',30.00,0.0000,'2025-04-30','2025-05-07',NULL),(394,100001,100185,'Unpaid',30.00,0.0000,'2025-04-30','2025-05-07',NULL),(395,100026,100185,'Unpaid',30.00,0.0000,'2025-04-30','2025-05-07',NULL),(396,100021,100185,'Unpaid',30.00,0.0000,'2025-04-30','2025-05-07',NULL),(397,100025,100185,'Unpaid',30.00,0.0000,'2025-04-30','2025-05-07',NULL),(398,100028,100185,'Unpaid',30.00,0.0000,'2025-04-30','2025-05-07',NULL),(399,100027,100185,'Unpaid',30.00,0.0000,'2025-04-30','2025-05-07',NULL),(400,100001,100186,'Unpaid',30.00,0.0000,'2025-04-30','2025-05-07',NULL),(401,100026,100186,'Unpaid',30.00,0.0000,'2025-04-30','2025-05-07',NULL),(402,100021,100186,'Unpaid',30.00,0.0000,'2025-04-30','2025-05-07',NULL),(403,100025,100186,'Unpaid',30.00,0.0000,'2025-04-30','2025-05-07',NULL),(404,100028,100186,'Unpaid',30.00,0.0000,'2025-04-30','2025-05-07',NULL),(405,100027,100186,'Unpaid',30.00,0.0000,'2025-04-30','2025-05-07',NULL),(406,100001,100187,'Unpaid',30.00,0.0000,'2025-04-30','2025-05-07',NULL),(407,100026,100187,'Unpaid',30.00,0.0000,'2025-04-30','2025-05-07',NULL),(408,100021,100187,'Unpaid',30.00,0.0000,'2025-04-30','2025-05-07',NULL),(409,100025,100187,'Unpaid',30.00,0.0000,'2025-04-30','2025-05-07',NULL),(410,100028,100187,'Unpaid',30.00,0.0000,'2025-04-30','2025-05-07',NULL),(411,100027,100187,'Unpaid',30.00,0.0000,'2025-04-30','2025-05-07',NULL),(412,100001,100188,'Unpaid',30.00,0.0000,'2025-04-30','2025-05-07',NULL),(413,100026,100188,'Unpaid',30.00,0.0000,'2025-04-30','2025-05-07',NULL),(414,100021,100188,'Unpaid',30.00,0.0000,'2025-04-30','2025-05-07',NULL),(415,100025,100188,'Unpaid',30.00,0.0000,'2025-04-30','2025-05-07',NULL),(416,100028,100188,'Unpaid',30.00,0.0000,'2025-04-30','2025-05-07',NULL),(417,100027,100188,'Unpaid',30.00,0.0000,'2025-04-30','2025-05-07',NULL),(418,100001,100189,'Unpaid',30.00,0.0000,'2025-04-30','2025-05-07',NULL),(419,100026,100189,'Unpaid',30.00,0.0000,'2025-04-30','2025-05-07',NULL),(420,100021,100189,'Unpaid',30.00,0.0000,'2025-04-30','2025-05-07',NULL),(421,100025,100189,'Unpaid',30.00,0.0000,'2025-04-30','2025-05-07',NULL),(422,100028,100189,'Unpaid',30.00,0.0000,'2025-04-30','2025-05-07',NULL),(423,100027,100189,'Unpaid',30.00,0.0000,'2025-04-30','2025-05-07',NULL),(424,100001,100190,'Unpaid',30.00,0.0000,'2025-04-30','2025-05-07',NULL),(425,100026,100190,'Unpaid',30.00,0.0000,'2025-04-30','2025-05-07',NULL),(426,100021,100190,'Unpaid',30.00,0.0000,'2025-04-30','2025-05-07',NULL),(427,100025,100190,'Unpaid',30.00,0.0000,'2025-04-30','2025-05-07',NULL),(428,100028,100190,'Unpaid',30.00,0.0000,'2025-04-30','2025-05-07',NULL),(429,100027,100190,'Unpaid',30.00,0.0000,'2025-04-30','2025-05-07',NULL),(430,100001,100191,'Unpaid',30.00,0.0000,'2025-04-30','2025-05-07',NULL),(431,100026,100191,'Unpaid',30.00,0.0000,'2025-04-30','2025-05-07',NULL),(432,100021,100191,'Unpaid',30.00,0.0000,'2025-04-30','2025-05-07',NULL),(433,100025,100191,'Unpaid',30.00,0.0000,'2025-04-30','2025-05-07',NULL),(434,100028,100191,'Unpaid',30.00,0.0000,'2025-04-30','2025-05-07',NULL),(435,100027,100191,'Unpaid',30.00,0.0000,'2025-04-30','2025-05-07',NULL),(436,100001,100192,'Unpaid',30.00,0.0000,'2025-04-30','2025-05-07',NULL),(437,100026,100192,'Unpaid',30.00,0.0000,'2025-04-30','2025-05-07',NULL),(438,100021,100192,'Unpaid',30.00,0.0000,'2025-04-30','2025-05-07',NULL),(439,100025,100192,'Unpaid',30.00,0.0000,'2025-04-30','2025-05-07',NULL),(440,100028,100192,'Unpaid',30.00,0.0000,'2025-04-30','2025-05-07',NULL),(441,100027,100192,'Unpaid',30.00,0.0000,'2025-04-30','2025-05-07',NULL),(442,100027,100193,'Unpaid',30.00,0.0000,'2025-04-30','2025-05-07',NULL),(443,100021,100193,'Unpaid',30.00,0.0000,'2025-04-30','2025-05-07',NULL),(444,100025,100193,'Unpaid',30.00,0.0000,'2025-04-30','2025-05-07',NULL),(445,100028,100193,'Unpaid',30.00,0.0000,'2025-04-30','2025-05-07',NULL),(446,100001,100193,'Unpaid',30.00,0.0000,'2025-04-30','2025-05-07',NULL),(447,100026,100193,'Unpaid',30.00,0.0000,'2025-04-30','2025-05-07',NULL),(448,100027,100194,'Unpaid',30.00,0.0000,'2025-04-30','2025-05-07',NULL),(449,100021,100194,'Unpaid',30.00,0.0000,'2025-04-30','2025-05-07',NULL),(450,100025,100194,'Unpaid',30.00,0.0000,'2025-04-30','2025-05-07',NULL),(451,100028,100194,'Unpaid',30.00,0.0000,'2025-04-30','2025-05-07',NULL),(452,100001,100194,'Unpaid',30.00,0.0000,'2025-04-30','2025-05-07',NULL),(453,100026,100194,'Unpaid',30.00,0.0000,'2025-04-30','2025-05-07',NULL),(454,100001,100195,'Unpaid',30.00,0.0000,NULL,NULL,NULL),(455,100021,100195,'Unpaid',30.00,0.0000,NULL,NULL,NULL),(456,100025,100195,'Unpaid',30.00,0.0000,NULL,NULL,NULL),(457,100026,100195,'Unpaid',30.00,0.0000,NULL,NULL,NULL),(458,100027,100195,'Unpaid',30.00,0.0000,NULL,NULL,NULL),(459,100028,100195,'Unpaid',30.00,0.0000,NULL,NULL,NULL),(460,100001,100196,'Unpaid',30.00,0.0000,'2025-04-09','2025-04-16',NULL),(461,100026,100196,'Unpaid',30.00,0.0000,'2025-04-09','2025-04-16',NULL),(462,100029,100196,'Unpaid',30.00,0.0000,'2025-04-09','2025-04-16',NULL),(463,100001,100197,'Unpaid',30.00,0.0000,'2025-04-09','2025-04-16',NULL),(464,100026,100197,'Unpaid',30.00,0.0000,'2025-04-09','2025-04-16',NULL),(465,100029,100197,'Unpaid',30.00,0.0000,'2025-04-09','2025-04-16',NULL),(466,100001,100198,'Unpaid',30.00,0.0000,'2025-04-09','2025-04-16',NULL),(467,100026,100198,'Unpaid',30.00,0.0000,'2025-04-09','2025-04-16',NULL),(468,100029,100198,'Unpaid',30.00,0.0000,'2025-04-09','2025-04-16',NULL),(469,100001,100199,'Unpaid',30.00,0.0000,'2025-04-09','2025-04-16',NULL),(470,100026,100199,'Unpaid',30.00,0.0000,'2025-04-09','2025-04-16',NULL),(471,100029,100199,'Unpaid',30.00,0.0000,'2025-04-09','2025-04-16',NULL),(472,100001,100200,'Unpaid',30.00,0.0000,'2025-04-11','2025-04-18',NULL),(473,100026,100200,'Unpaid',30.00,0.0000,'2025-04-11','2025-04-18',NULL),(474,100029,100200,'Unpaid',30.00,0.0000,'2025-04-11','2025-04-18',NULL),(475,100001,100201,'Unpaid',30.00,0.0000,NULL,NULL,NULL),(476,100026,100201,'Unpaid',30.00,0.0000,NULL,NULL,NULL),(477,100029,100201,'Unpaid',30.00,0.0000,NULL,NULL,NULL),(478,100001,100203,'Unpaid',30.00,0.0000,'2025-05-10','2025-05-17',NULL),(479,100026,100203,'Unpaid',30.00,0.0000,'2025-05-10','2025-05-17',NULL),(480,100029,100203,'Unpaid',30.00,0.0000,'2025-05-10','2025-05-17',NULL),(481,100021,100203,'Unpaid',30.00,0.0000,'2025-05-10','2025-05-17',NULL),(482,100025,100203,'Unpaid',30.00,0.0000,'2025-05-10','2025-05-17',NULL),(483,100028,100203,'Unpaid',30.00,0.0000,'2025-05-10','2025-05-17',NULL),(484,100027,100203,'Unpaid',30.00,0.0000,'2025-05-10','2025-05-17',NULL),(485,100005,100203,'Unpaid',30.00,0.0000,'2025-05-10','2025-05-17',NULL),(486,100006,100203,'Unpaid',30.00,0.0000,'2025-05-10','2025-05-17',NULL),(487,100007,100203,'Unpaid',30.00,0.0000,'2025-05-10','2025-05-17',NULL),(488,100011,100203,'Unpaid',30.00,0.0000,'2025-05-10','2025-05-17',NULL),(489,100015,100203,'Unpaid',30.00,0.0000,'2025-05-10','2025-05-17',NULL),(490,100016,100203,'Unpaid',30.00,0.0000,'2025-05-10','2025-05-17',NULL),(491,100017,100203,'Unpaid',30.00,0.0000,'2025-05-10','2025-05-17',NULL),(492,100018,100203,'Unpaid',30.00,0.0000,'2025-05-10','2025-05-17',NULL),(493,100024,100203,'Unpaid',30.00,0.0000,'2025-05-10','2025-05-17',NULL),(494,100010,100203,'Unpaid',30.00,0.0000,'2025-05-10','2025-05-17',NULL),(495,100012,100203,'Unpaid',30.00,0.0000,'2025-05-10','2025-05-17',NULL),(496,100013,100203,'Unpaid',30.00,0.0000,'2025-05-10','2025-05-17',NULL),(497,100014,100203,'Unpaid',30.00,0.0000,'2025-05-10','2025-05-17',NULL),(498,100019,100203,'Paid',30.00,0.0000,'2025-05-10','2025-05-17','2025-04-13'),(499,100022,100203,'Unpaid',30.00,0.0000,'2025-05-10','2025-05-17',NULL),(500,100001,100204,'Unpaid',30.00,0.0000,'2025-05-11','2025-05-18',NULL),(501,100026,100204,'Unpaid',30.00,0.0000,'2025-05-11','2025-05-18',NULL),(502,100029,100204,'Unpaid',30.00,0.0000,'2025-05-11','2025-05-18',NULL),(503,100021,100204,'Unpaid',30.00,0.0000,'2025-05-11','2025-05-18',NULL),(504,100025,100204,'Unpaid',30.00,0.0000,'2025-05-11','2025-05-18',NULL),(505,100028,100204,'Unpaid',30.00,0.0000,'2025-05-11','2025-05-18',NULL),(506,100027,100204,'Unpaid',30.00,0.0000,'2025-05-11','2025-05-18',NULL),(507,100005,100204,'Unpaid',30.00,0.0000,'2025-05-11','2025-05-18',NULL),(508,100006,100204,'Unpaid',30.00,0.0000,'2025-05-11','2025-05-18',NULL),(509,100007,100204,'Unpaid',30.00,0.0000,'2025-05-11','2025-05-18',NULL),(510,100011,100204,'Unpaid',30.00,0.0000,'2025-05-11','2025-05-18',NULL),(511,100015,100204,'Unpaid',30.00,0.0000,'2025-05-11','2025-05-18',NULL),(512,100016,100204,'Unpaid',30.00,0.0000,'2025-05-11','2025-05-18',NULL),(513,100017,100204,'Unpaid',30.00,0.0000,'2025-05-11','2025-05-18',NULL),(514,100018,100204,'Unpaid',30.00,0.0000,'2025-05-11','2025-05-18',NULL),(515,100024,100204,'Unpaid',30.00,0.0000,'2025-05-11','2025-05-18',NULL),(516,100010,100204,'Unpaid',30.00,0.0000,'2025-05-11','2025-05-18',NULL),(517,100012,100204,'Unpaid',30.00,0.0000,'2025-05-11','2025-05-18',NULL),(518,100013,100204,'Unpaid',30.00,0.0000,'2025-05-11','2025-05-18',NULL),(519,100014,100204,'Unpaid',30.00,0.0000,'2025-05-11','2025-05-18',NULL),(520,100019,100204,'Paid',30.00,0.0000,'2025-05-11','2025-05-18','2025-04-13'),(521,100022,100204,'Unpaid',30.00,0.0000,'2025-05-11','2025-05-18',NULL),(522,100007,100205,'Unpaid',30.00,0.0000,'2025-04-16','2025-04-23',NULL),(523,100011,100205,'Unpaid',30.00,0.0000,'2025-04-16','2025-04-23',NULL),(524,100015,100205,'Unpaid',30.00,0.0000,'2025-04-16','2025-04-23',NULL),(525,100016,100205,'Unpaid',30.00,0.0000,'2025-04-16','2025-04-23',NULL),(526,100017,100205,'Unpaid',30.00,0.0000,'2025-04-16','2025-04-23',NULL),(527,100018,100205,'Unpaid',30.00,0.0000,'2025-04-16','2025-04-23',NULL),(528,100024,100205,'Paid',30.00,0.0000,'2025-04-16','2025-04-23','2025-04-17'),(529,100010,100205,'Unpaid',30.00,0.0000,'2025-04-16','2025-04-23',NULL),(530,100012,100205,'Unpaid',30.00,0.0000,'2025-04-16','2025-04-23',NULL),(531,100013,100205,'Unpaid',30.00,0.0000,'2025-04-16','2025-04-23',NULL),(532,100014,100205,'Unpaid',30.00,0.0000,'2025-04-16','2025-04-23',NULL),(533,100019,100205,'Paid',30.00,0.0000,'2025-04-16','2025-04-23','2025-04-13'),(534,100022,100205,'Unpaid',30.00,0.0000,'2025-04-16','2025-04-23',NULL),(535,100007,100207,'Unpaid',30.00,0.0000,'2025-05-21','2025-05-28',NULL),(536,100011,100207,'Unpaid',30.00,0.0000,'2025-05-21','2025-05-28',NULL),(537,100015,100207,'Unpaid',30.00,0.0000,'2025-05-21','2025-05-28',NULL),(538,100016,100207,'Unpaid',30.00,0.0000,'2025-05-21','2025-05-28',NULL),(539,100017,100207,'Unpaid',30.00,0.0000,'2025-05-21','2025-05-28',NULL),(540,100018,100207,'Unpaid',30.00,0.0000,'2025-05-21','2025-05-28',NULL),(541,100024,100207,'Unpaid',30.00,0.0000,'2025-05-21','2025-05-28',NULL),(542,100010,100207,'Unpaid',30.00,0.0000,'2025-05-21','2025-05-28',NULL),(543,100012,100207,'Unpaid',30.00,0.0000,'2025-05-21','2025-05-28',NULL),(544,100013,100207,'Unpaid',30.00,0.0000,'2025-05-21','2025-05-28',NULL),(545,100014,100207,'Unpaid',30.00,0.0000,'2025-05-21','2025-05-28',NULL),(546,100019,100207,'Unpaid',30.00,0.0000,'2025-05-21','2025-05-28',NULL),(547,100022,100207,'Unpaid',30.00,0.0000,'2025-05-21','2025-05-28',NULL),(548,100001,100208,'Unpaid',30.00,0.0000,'2025-04-30','2025-05-07',NULL),(549,100026,100208,'Unpaid',30.00,0.0000,'2025-04-30','2025-05-07',NULL),(550,100029,100208,'Unpaid',30.00,0.0000,'2025-04-30','2025-05-07',NULL),(551,100021,100208,'Unpaid',30.00,0.0000,'2025-04-30','2025-05-07',NULL),(552,100025,100208,'Unpaid',30.00,0.0000,'2025-04-30','2025-05-07',NULL),(553,100028,100208,'Unpaid',30.00,0.0000,'2025-04-30','2025-05-07',NULL),(554,100027,100208,'Unpaid',30.00,0.0000,'2025-04-30','2025-05-07',NULL),(555,100005,100208,'Unpaid',30.00,0.0000,'2025-04-30','2025-05-07',NULL),(556,100006,100208,'Unpaid',30.00,0.0000,'2025-04-30','2025-05-07',NULL),(557,100007,100208,'Unpaid',30.00,0.0000,'2025-04-30','2025-05-07',NULL),(558,100011,100208,'Unpaid',30.00,0.0000,'2025-04-30','2025-05-07',NULL),(559,100015,100208,'Unpaid',30.00,0.0000,'2025-04-30','2025-05-07',NULL),(560,100016,100208,'Unpaid',30.00,0.0000,'2025-04-30','2025-05-07',NULL),(561,100017,100208,'Unpaid',30.00,0.0000,'2025-04-30','2025-05-07',NULL),(562,100018,100208,'Unpaid',30.00,0.0000,'2025-04-30','2025-05-07',NULL),(563,100024,100208,'Unpaid',30.00,0.0000,'2025-04-30','2025-05-07',NULL),(564,100010,100208,'Unpaid',30.00,0.0000,'2025-04-30','2025-05-07',NULL),(565,100012,100208,'Unpaid',30.00,0.0000,'2025-04-30','2025-05-07',NULL),(566,100013,100208,'Unpaid',30.00,0.0000,'2025-04-30','2025-05-07',NULL),(567,100014,100208,'Unpaid',30.00,0.0000,'2025-04-30','2025-05-07',NULL),(568,100019,100208,'Unpaid',30.00,0.0000,'2025-04-30','2025-05-07',NULL),(569,100022,100208,'Unpaid',30.00,0.0000,'2025-04-30','2025-05-07',NULL),(570,100007,100210,'Unpaid',30.00,0.0000,NULL,NULL,NULL),(571,100010,100210,'Unpaid',30.00,0.0000,NULL,NULL,NULL),(572,100011,100210,'Unpaid',30.00,0.0000,NULL,NULL,NULL),(573,100012,100210,'Unpaid',30.00,0.0000,NULL,NULL,NULL),(574,100013,100210,'Unpaid',30.00,0.0000,NULL,NULL,NULL),(575,100014,100210,'Unpaid',30.00,0.0000,NULL,NULL,NULL),(576,100015,100210,'Unpaid',30.00,0.0000,NULL,NULL,NULL),(577,100016,100210,'Unpaid',30.00,0.0000,NULL,NULL,NULL),(578,100017,100210,'Unpaid',30.00,0.0000,NULL,NULL,NULL),(579,100018,100210,'Unpaid',30.00,0.0000,NULL,NULL,NULL),(580,100019,100210,'Unpaid',30.00,0.0000,NULL,NULL,NULL),(581,100022,100210,'Unpaid',30.00,0.0000,NULL,NULL,NULL),(582,100024,100210,'Unpaid',30.00,0.0000,NULL,NULL,NULL),(585,100001,100211,'Unpaid',30.00,0.0000,NULL,NULL,NULL),(586,100005,100211,'Unpaid',30.00,0.0000,NULL,NULL,NULL),(587,100006,100211,'Unpaid',30.00,0.0000,NULL,NULL,NULL),(588,100007,100211,'Unpaid',30.00,0.0000,NULL,NULL,NULL),(589,100010,100211,'Unpaid',30.00,0.0000,NULL,NULL,NULL),(590,100011,100211,'Unpaid',30.00,0.0000,NULL,NULL,NULL),(591,100012,100211,'Unpaid',30.00,0.0000,NULL,NULL,NULL),(592,100013,100211,'Unpaid',30.00,0.0000,NULL,NULL,NULL),(593,100014,100211,'Unpaid',30.00,0.0000,NULL,NULL,NULL),(594,100015,100211,'Unpaid',30.00,0.0000,NULL,NULL,NULL),(595,100016,100211,'Unpaid',30.00,0.0000,NULL,NULL,NULL),(596,100017,100211,'Unpaid',30.00,0.0000,NULL,NULL,NULL),(597,100018,100211,'Unpaid',30.00,0.0000,NULL,NULL,NULL),(598,100019,100211,'Unpaid',30.00,0.0000,NULL,NULL,NULL),(599,100021,100211,'Unpaid',30.00,0.0000,NULL,NULL,NULL),(600,100022,100211,'Unpaid',30.00,0.0000,NULL,NULL,NULL),(601,100024,100211,'Unpaid',30.00,0.0000,NULL,NULL,NULL),(602,100025,100211,'Unpaid',30.00,0.0000,NULL,NULL,NULL),(603,100026,100211,'Unpaid',30.00,0.0000,NULL,NULL,NULL),(604,100027,100211,'Unpaid',30.00,0.0000,NULL,NULL,NULL),(605,100028,100211,'Unpaid',30.00,0.0000,NULL,NULL,NULL),(606,100029,100211,'Unpaid',30.00,0.0000,NULL,NULL,NULL),(607,100028,100212,'Unpaid',30.00,0.0000,'2025-04-30','2025-05-07',NULL),(608,100025,100212,'Unpaid',30.00,0.0000,'2025-04-30','2025-05-07',NULL),(609,100021,100212,'Unpaid',30.00,0.0000,'2025-04-30','2025-05-07',NULL),(610,100027,100212,'Unpaid',30.00,0.0000,'2025-04-30','2025-05-07',NULL),(611,100029,100212,'Unpaid',30.00,0.0000,'2025-04-30','2025-05-07',NULL),(612,100026,100212,'Unpaid',30.00,0.0000,'2025-04-30','2025-05-07',NULL),(613,100001,100212,'Unpaid',30.00,0.0000,'2025-04-30','2025-05-07',NULL),(614,100001,100213,'Unpaid',30.00,0.0000,'2025-04-30','2025-05-07',NULL),(615,100026,100213,'Unpaid',30.00,0.0000,'2025-04-30','2025-05-07',NULL),(616,100029,100213,'Unpaid',30.00,0.0000,'2025-04-30','2025-05-07',NULL),(617,100021,100213,'Unpaid',30.00,0.0000,'2025-04-30','2025-05-07',NULL),(618,100025,100213,'Unpaid',30.00,0.0000,'2025-04-30','2025-05-07',NULL),(619,100028,100213,'Unpaid',30.00,0.0000,'2025-04-30','2025-05-07',NULL),(620,100027,100213,'Unpaid',30.00,0.0000,'2025-04-30','2025-05-07',NULL),(621,100001,100214,'Unpaid',30.00,0.0000,'2025-06-01','2025-06-08',NULL),(622,100026,100214,'Unpaid',30.00,0.0000,'2025-06-01','2025-06-08',NULL),(623,100029,100214,'Unpaid',30.00,0.0000,'2025-06-01','2025-06-08',NULL),(624,100021,100214,'Unpaid',30.00,0.0000,'2025-06-01','2025-06-08',NULL),(625,100025,100214,'Unpaid',30.00,0.0000,'2025-06-01','2025-06-08',NULL),(626,100028,100214,'Unpaid',30.00,0.0000,'2025-06-01','2025-06-08',NULL),(627,100027,100214,'Unpaid',30.00,0.0000,'2025-06-01','2025-06-08',NULL),(628,100005,100214,'Unpaid',30.00,0.0000,'2025-06-01','2025-06-08',NULL),(629,100006,100214,'Unpaid',30.00,0.0000,'2025-06-01','2025-06-08',NULL),(630,100007,100214,'Unpaid',30.00,0.0000,'2025-06-01','2025-06-08',NULL),(631,100011,100214,'Paid',30.00,0.0000,'2025-06-01','2025-06-08','2025-06-21'),(632,100015,100214,'Unpaid',30.00,0.0000,'2025-06-01','2025-06-08',NULL),(633,100016,100214,'Unpaid',30.00,0.0000,'2025-06-01','2025-06-08',NULL),(634,100017,100214,'Unpaid',30.00,0.0000,'2025-06-01','2025-06-08',NULL),(635,100018,100214,'Unpaid',30.00,0.0000,'2025-06-01','2025-06-08',NULL),(636,100024,100214,'Unpaid',30.00,0.0000,'2025-06-01','2025-06-08',NULL),(637,100010,100214,'Unpaid',30.00,0.0000,'2025-06-01','2025-06-08',NULL),(638,100012,100214,'Unpaid',30.00,0.0000,'2025-06-01','2025-06-08',NULL),(639,100013,100214,'Unpaid',30.00,0.0000,'2025-06-01','2025-06-08',NULL),(640,100014,100214,'Unpaid',30.00,0.0000,'2025-06-01','2025-06-08',NULL),(641,100019,100214,'Unpaid',30.00,0.0000,'2025-06-01','2025-06-08',NULL),(642,100022,100214,'Unpaid',30.00,0.0000,'2025-06-01','2025-06-08',NULL),(643,100030,100214,'Unpaid',30.00,0.0000,'2025-06-01','2025-06-08',NULL),(666,100001,100215,'Unpaid',30.00,0.0000,'2025-05-03','2025-05-10',NULL),(667,100026,100215,'Unpaid',30.00,0.0000,'2025-05-03','2025-05-10',NULL),(668,100029,100215,'Unpaid',30.00,0.0000,'2025-05-03','2025-05-10',NULL),(669,100021,100215,'Unpaid',30.00,0.0000,'2025-05-03','2025-05-10',NULL),(670,100025,100215,'Unpaid',30.00,0.0000,'2025-05-03','2025-05-10',NULL),(671,100028,100215,'Unpaid',30.00,0.0000,'2025-05-03','2025-05-10',NULL),(672,100027,100215,'Unpaid',30.00,0.0000,'2025-05-03','2025-05-10',NULL),(673,100007,100216,'Unpaid',30.00,0.0000,NULL,NULL,NULL),(674,100010,100216,'Unpaid',30.00,0.0000,NULL,NULL,NULL),(675,100011,100216,'Unpaid',30.00,0.0000,NULL,NULL,NULL),(676,100012,100216,'Unpaid',30.00,0.0000,NULL,NULL,NULL),(677,100013,100216,'Unpaid',30.00,0.0000,NULL,NULL,NULL),(678,100014,100216,'Unpaid',30.00,0.0000,NULL,NULL,NULL),(679,100015,100216,'Unpaid',30.00,0.0000,NULL,NULL,NULL),(680,100016,100216,'Unpaid',30.00,0.0000,NULL,NULL,NULL),(681,100017,100216,'Unpaid',30.00,0.0000,NULL,NULL,NULL),(682,100018,100216,'Unpaid',30.00,0.0000,NULL,NULL,NULL),(683,100019,100216,'Unpaid',30.00,0.0000,NULL,NULL,NULL),(684,100022,100216,'Unpaid',30.00,0.0000,NULL,NULL,NULL),(685,100024,100216,'Unpaid',30.00,0.0000,NULL,NULL,NULL),(686,100001,100218,'Unpaid',30.00,0.0000,'2025-06-11','2025-06-18',NULL),(687,100026,100218,'Unpaid',30.00,0.0000,'2025-06-11','2025-06-18',NULL),(688,100029,100218,'Unpaid',30.00,0.0000,'2025-06-11','2025-06-18',NULL),(689,100021,100218,'Unpaid',30.00,0.0000,'2025-06-11','2025-06-18',NULL),(690,100025,100218,'Unpaid',30.00,0.0000,'2025-06-11','2025-06-18',NULL),(691,100028,100218,'Unpaid',30.00,0.0000,'2025-06-11','2025-06-18',NULL),(692,100027,100218,'Unpaid',30.00,0.0000,'2025-06-11','2025-06-18',NULL),(693,100005,100218,'Unpaid',30.00,0.0000,'2025-06-11','2025-06-18',NULL),(694,100006,100218,'Unpaid',30.00,0.0000,'2025-06-11','2025-06-18',NULL),(695,100007,100218,'Unpaid',30.00,0.0000,'2025-06-11','2025-06-18',NULL),(696,100011,100218,'Paid',30.00,0.0000,'2025-06-11','2025-06-18','2025-06-21'),(697,100015,100218,'Unpaid',30.00,0.0000,'2025-06-11','2025-06-18',NULL),(698,100016,100218,'Unpaid',30.00,0.0000,'2025-06-11','2025-06-18',NULL),(699,100017,100218,'Unpaid',30.00,0.0000,'2025-06-11','2025-06-18',NULL),(700,100018,100218,'Unpaid',30.00,0.0000,'2025-06-11','2025-06-18',NULL),(701,100024,100218,'Unpaid',30.00,0.0000,'2025-06-11','2025-06-18',NULL),(702,100010,100218,'Unpaid',30.00,0.0000,'2025-06-11','2025-06-18',NULL),(703,100012,100218,'Unpaid',30.00,0.0000,'2025-06-11','2025-06-18',NULL),(704,100013,100218,'Unpaid',30.00,0.0000,'2025-06-11','2025-06-18',NULL),(705,100014,100218,'Unpaid',30.00,0.0000,'2025-06-11','2025-06-18',NULL),(706,100019,100218,'Unpaid',30.00,0.0000,'2025-06-11','2025-06-18',NULL),(707,100022,100218,'Unpaid',30.00,0.0000,'2025-06-11','2025-06-18',NULL),(708,100030,100218,'Unpaid',30.00,0.0000,'2025-06-11','2025-06-18',NULL),(709,100001,100219,'Unpaid',30.00,0.0000,NULL,NULL,NULL),(710,100005,100219,'Unpaid',30.00,0.0000,NULL,NULL,NULL),(711,100006,100219,'Unpaid',30.00,0.0000,NULL,NULL,NULL),(712,100007,100219,'Unpaid',30.00,0.0000,NULL,NULL,NULL),(713,100010,100219,'Unpaid',30.00,0.0000,NULL,NULL,NULL),(714,100011,100219,'Paid',30.00,0.0000,NULL,NULL,'2025-06-21'),(715,100012,100219,'Unpaid',30.00,0.0000,NULL,NULL,NULL),(716,100013,100219,'Unpaid',30.00,0.0000,NULL,NULL,NULL),(717,100014,100219,'Unpaid',30.00,0.0000,NULL,NULL,NULL),(718,100015,100219,'Unpaid',30.00,0.0000,NULL,NULL,NULL),(719,100016,100219,'Unpaid',30.00,0.0000,NULL,NULL,NULL),(720,100017,100219,'Unpaid',30.00,0.0000,NULL,NULL,NULL),(721,100018,100219,'Unpaid',30.00,0.0000,NULL,NULL,NULL),(722,100019,100219,'Unpaid',30.00,0.0000,NULL,NULL,NULL),(723,100021,100219,'Unpaid',30.00,0.0000,NULL,NULL,NULL),(724,100022,100219,'Unpaid',30.00,0.0000,NULL,NULL,NULL),(725,100024,100219,'Unpaid',30.00,0.0000,NULL,NULL,NULL),(726,100025,100219,'Unpaid',30.00,0.0000,NULL,NULL,NULL),(727,100026,100219,'Unpaid',30.00,0.0000,NULL,NULL,NULL),(728,100027,100219,'Unpaid',30.00,0.0000,NULL,NULL,NULL),(729,100028,100219,'Unpaid',30.00,0.0000,NULL,NULL,NULL),(730,100029,100219,'Unpaid',30.00,0.0000,NULL,NULL,NULL),(731,100030,100219,'Unpaid',30.00,0.0000,NULL,NULL,NULL),(740,100018,100220,'Unpaid',30.00,0.0000,'2025-06-30','2025-07-07',NULL),(741,100024,100220,'Unpaid',30.00,0.0000,'2025-06-30','2025-07-07',NULL),(742,100012,100220,'Unpaid',30.00,0.0000,'2025-06-30','2025-07-07',NULL),(743,100019,100220,'Unpaid',30.00,0.0000,'2025-06-30','2025-07-07',NULL),(744,100022,100220,'Unpaid',30.00,0.0000,'2025-06-30','2025-07-07',NULL),(745,100015,100220,'Unpaid',30.00,0.0000,'2025-06-30','2025-07-07',NULL),(760,100015,100221,'Unpaid',30.00,0.0000,'2025-06-30','2025-07-07',NULL),(761,100018,100221,'Unpaid',30.00,0.0000,'2025-06-30','2025-07-07',NULL),(762,100024,100221,'Unpaid',30.00,0.0000,'2025-06-30','2025-07-07',NULL),(763,100019,100221,'Unpaid',30.00,0.0000,'2025-06-30','2025-07-07',NULL),(764,100012,100221,'Unpaid',30.00,0.0000,'2025-06-30','2025-07-07',NULL),(766,100007,100222,'Unpaid',30.00,0.0000,'2025-07-14','2025-07-21',NULL),(767,100011,100222,'Unpaid',30.00,0.0000,'2025-07-14','2025-07-21',NULL),(768,100015,100222,'Unpaid',30.00,0.0000,'2025-07-14','2025-07-21',NULL),(769,100016,100222,'Unpaid',30.00,0.0000,'2025-07-14','2025-07-21',NULL),(770,100017,100222,'Unpaid',30.00,0.0000,'2025-07-14','2025-07-21',NULL),(771,100018,100222,'Unpaid',30.00,0.0000,'2025-07-14','2025-07-21',NULL),(772,100024,100222,'Unpaid',30.00,0.0000,'2025-07-14','2025-07-21',NULL),(773,100010,100222,'Unpaid',30.00,0.0000,'2025-07-14','2025-07-21',NULL),(774,100012,100222,'Unpaid',30.00,0.0000,'2025-07-14','2025-07-21',NULL),(775,100013,100222,'Unpaid',30.00,0.0000,'2025-07-14','2025-07-21',NULL),(776,100014,100222,'Unpaid',30.00,0.0000,'2025-07-14','2025-07-21',NULL),(777,100019,100222,'Unpaid',30.00,0.0000,'2025-07-14','2025-07-21',NULL),(778,100022,100222,'Unpaid',30.00,0.0000,'2025-07-14','2025-07-21',NULL),(779,100030,100222,'Unpaid',30.00,0.0000,'2025-07-14','2025-07-21',NULL),(788,100007,100223,'Unpaid',30.00,0.0000,'2025-07-14','2025-07-21',NULL),(789,100011,100223,'Unpaid',30.00,0.0000,'2025-07-14','2025-07-21',NULL),(790,100015,100223,'Unpaid',30.00,0.0000,'2025-07-14','2025-07-21',NULL),(791,100016,100223,'Unpaid',30.00,0.0000,'2025-07-14','2025-07-21',NULL),(792,100017,100223,'Unpaid',30.00,0.0000,'2025-07-14','2025-07-21',NULL),(793,100018,100223,'Unpaid',30.00,0.0000,'2025-07-14','2025-07-21',NULL),(794,100024,100223,'Unpaid',30.00,0.0000,'2025-07-14','2025-07-21',NULL),(795,100010,100223,'Unpaid',30.00,0.0000,'2025-07-14','2025-07-21',NULL),(796,100012,100223,'Unpaid',30.00,0.0000,'2025-07-14','2025-07-21',NULL),(797,100013,100223,'Unpaid',30.00,0.0000,'2025-07-14','2025-07-21',NULL),(798,100014,100223,'Unpaid',30.00,0.0000,'2025-07-14','2025-07-21',NULL),(799,100019,100223,'Unpaid',30.00,0.0000,'2025-07-14','2025-07-21',NULL),(800,100022,100223,'Unpaid',30.00,0.0000,'2025-07-14','2025-07-21',NULL),(801,100030,100223,'Unpaid',30.00,0.0000,'2025-07-14','2025-07-21',NULL),(802,100001,100224,'Unpaid',30.00,0.0000,'2025-06-16','2025-06-23',NULL),(803,100026,100224,'Unpaid',30.00,0.0000,'2025-06-16','2025-06-23',NULL),(804,100029,100224,'Unpaid',30.00,0.0000,'2025-06-16','2025-06-23',NULL),(805,100021,100224,'Unpaid',30.00,0.0000,'2025-06-16','2025-06-23',NULL),(806,100025,100224,'Unpaid',30.00,0.0000,'2025-06-16','2025-06-23',NULL),(807,100028,100224,'Unpaid',30.00,0.0000,'2025-06-16','2025-06-23',NULL),(808,100027,100224,'Unpaid',30.00,0.0000,'2025-06-16','2025-06-23',NULL),(809,100018,100225,'Unpaid',30.00,0.0000,'2025-06-30','2025-07-07',NULL),(810,100017,100226,'Unpaid',30.00,0.0000,'2025-06-30','2025-07-07',NULL),(811,100018,100226,'Unpaid',30.00,0.0000,'2025-06-30','2025-07-07',NULL),(812,100024,100226,'Unpaid',30.00,0.0000,'2025-06-30','2025-07-07',NULL),(813,100001,100227,'Unpaid',30.00,0.0000,'2025-07-04','2025-07-11',NULL),(814,100026,100227,'Unpaid',30.00,0.0000,'2025-07-04','2025-07-11',NULL),(815,100029,100227,'Unpaid',30.00,0.0000,'2025-07-04','2025-07-11',NULL),(816,100021,100227,'Unpaid',30.00,0.0000,'2025-07-04','2025-07-11',NULL),(817,100025,100227,'Unpaid',30.00,0.0000,'2025-07-04','2025-07-11',NULL),(818,100028,100227,'Unpaid',30.00,0.0000,'2025-07-04','2025-07-11',NULL),(819,100027,100227,'Unpaid',30.00,0.0000,'2025-07-04','2025-07-11',NULL),(820,100003,100229,'Unpaid',30.00,0.0000,'2025-07-14','2025-07-21',NULL),(821,100003,100230,'Unpaid',30.00,0.0000,'2025-07-15','2025-07-22',NULL),(822,100003,100231,'Unpaid',30.00,0.0000,'2025-07-14','2025-07-21',NULL),(823,100001,100232,'Unpaid',30.00,0.0000,'2025-07-16','2025-07-23',NULL),(824,100026,100232,'Unpaid',30.00,0.0000,'2025-07-16','2025-07-23',NULL),(825,100029,100232,'Unpaid',30.00,0.0000,'2025-07-16','2025-07-23',NULL),(826,100021,100232,'Unpaid',30.00,0.0000,'2025-07-16','2025-07-23',NULL),(827,100025,100232,'Unpaid',30.00,0.0000,'2025-07-16','2025-07-23',NULL),(828,100028,100232,'Unpaid',30.00,0.0000,'2025-07-16','2025-07-23',NULL),(829,100027,100232,'Unpaid',30.00,0.0000,'2025-07-16','2025-07-23',NULL),(830,100001,100233,'Unpaid',30.00,0.0000,'2025-07-16','2025-07-23',NULL),(831,100026,100233,'Unpaid',30.00,0.0000,'2025-07-16','2025-07-23',NULL),(832,100029,100233,'Unpaid',30.00,0.0000,'2025-07-16','2025-07-23',NULL),(833,100021,100233,'Unpaid',30.00,0.0000,'2025-07-16','2025-07-23',NULL),(834,100025,100233,'Unpaid',30.00,0.0000,'2025-07-16','2025-07-23',NULL),(835,100028,100233,'Unpaid',30.00,0.0000,'2025-07-16','2025-07-23',NULL),(836,100027,100233,'Unpaid',30.00,0.0000,'2025-07-16','2025-07-23',NULL),(851,100001,100234,'Unpaid',30.00,0.0000,'2025-07-16','2025-07-23',NULL),(852,100026,100234,'Unpaid',30.00,0.0000,'2025-07-16','2025-07-23',NULL),(853,100029,100234,'Unpaid',30.00,0.0000,'2025-07-16','2025-07-23',NULL),(854,100021,100234,'Unpaid',30.00,0.0000,'2025-07-16','2025-07-23',NULL),(855,100025,100234,'Unpaid',30.00,0.0000,'2025-07-16','2025-07-23',NULL),(856,100028,100234,'Unpaid',30.00,0.0000,'2025-07-16','2025-07-23',NULL),(857,100027,100234,'Unpaid',30.00,0.0000,'2025-07-16','2025-07-23',NULL);
/*!40000 ALTER TABLE `AdvertisementDisplay` ENABLE KEYS */;
UNLOCK TABLES;

--
-- Table structure for table `AdvertisementLocation`
--

DROP TABLE IF EXISTS `AdvertisementLocation`;
/*!40101 SET @saved_cs_client     = @@character_set_client */;
/*!50503 SET character_set_client = utf8mb4 */;
CREATE TABLE `AdvertisementLocation` (
  `ad_location_id` int NOT NULL AUTO_INCREMENT,
  `address_id` int NOT NULL,
  `ads_id` int NOT NULL,
  PRIMARY KEY (`ad_location_id`),
  UNIQUE KEY `ads_id` (`ads_id`,`address_id`),
  KEY `address_id` (`address_id`),
  CONSTRAINT `AdvertisementLocation_ibfk_1` FOREIGN KEY (`ads_id`) REFERENCES `Advertisement` (`ads_id`),
  CONSTRAINT `AdvertisementLocation_ibfk_2` FOREIGN KEY (`address_id`) REFERENCES `Address` (`address_id`)
) ENGINE=InnoDB AUTO_INCREMENT=834 DEFAULT CHARSET=utf8mb4 COLLATE=utf8mb4_0900_ai_ci;
/*!40101 SET character_set_client = @saved_cs_client */;

--
-- Dumping data for table `AdvertisementLocation`
--

LOCK TABLES `AdvertisementLocation` WRITE;
/*!40000 ALTER TABLE `AdvertisementLocation` DISABLE KEYS */;
INSERT INTO `AdvertisementLocation` VALUES (35,13,100005),(36,13,100006),(37,13,100007),(39,13,100008),(38,14,100008),(41,13,100009),(40,14,100009),(42,16,100011),(43,16,100012),(44,16,100013),(45,16,100014),(46,16,100015),(47,16,100016),(49,16,100018),(50,16,100019),(51,16,100020),(52,16,100021),(53,16,100022),(54,16,100023),(55,16,100024),(57,13,100026),(59,13,100027),(58,14,100027),(60,13,100028),(61,13,100029),(62,13,100030),(63,13,100031),(64,13,100032),(65,13,100033),(66,13,100036),(67,13,100037),(68,13,100038),(69,13,100039),(70,13,100040),(71,16,100041),(72,16,100042),(73,16,100043),(74,16,100044),(75,16,100045),(76,13,100046),(77,16,100048),(78,16,100049),(79,16,100050),(80,16,100051),(82,13,100052),(81,14,100052),(84,13,100053),(83,14,100053),(86,13,100054),(85,14,100054),(88,13,100055),(87,14,100055),(90,13,100056),(89,14,100056),(92,13,100057),(91,14,100057),(100,13,100064),(102,13,100066),(103,13,100067),(104,16,100068),(138,16,100104),(139,16,100105),(140,16,100106),(141,16,100107),(151,16,100116),(153,13,100118),(152,14,100118),(156,13,100119),(155,14,100119),(159,13,100120),(158,14,100120),(161,13,100121),(160,14,100121),(164,13,100122),(163,14,100122),(168,32,100129),(165,48,100129),(166,50,100129),(167,52,100129),(169,59,100129),(170,60,100129),(171,61,100129),(181,13,100130),(180,14,100130),(179,26,100130),(175,32,100130),(172,48,100130),(173,50,100130),(174,52,100130),(176,59,100130),(177,60,100130),(178,61,100130),(189,32,100131),(186,48,100131),(187,50,100131),(188,52,100131),(190,59,100131),(191,60,100131),(192,61,100131),(206,13,100137),(205,14,100137),(204,26,100137),(200,32,100137),(198,50,100137),(199,52,100137),(201,59,100137),(202,60,100137),(203,61,100137),(223,13,100138),(222,14,100138),(227,32,100138),(224,48,100138),(225,50,100138),(226,52,100138),(228,59,100138),(229,60,100138),(230,61,100138),(231,64,100138),(232,65,100138),(237,32,100139),(233,48,100139),(234,50,100139),(235,52,100139),(242,59,100139),(243,60,100139),(244,61,100139),(245,64,100139),(246,65,100139),(236,67,100139),(263,13,100140),(262,14,100140),(261,26,100140),(256,32,100140),(252,48,100140),(253,50,100140),(254,52,100140),(257,60,100140),(258,61,100140),(259,64,100140),(260,65,100140),(255,67,100140),(283,26,100141),(277,32,100141),(273,48,100141),(274,50,100141),(275,52,100141),(278,59,100141),(279,60,100141),(280,61,100141),(281,64,100141),(282,65,100141),(276,67,100141),(306,13,100142),(305,14,100142),(304,26,100142),(298,32,100142),(294,48,100142),(295,50,100142),(296,52,100142),(299,59,100142),(300,60,100142),(301,61,100142),(302,64,100142),(303,65,100142),(297,67,100142),(318,13,100143),(317,14,100143),(316,26,100143),(311,32,100143),(307,48,100143),(308,50,100143),(309,52,100143),(312,60,100143),(313,61,100143),(314,64,100143),(315,65,100143),(310,67,100143),(323,32,100156),(319,48,100156),(320,50,100156),(321,52,100156),(324,59,100156),(325,60,100156),(326,61,100156),(327,64,100156),(328,65,100156),(322,67,100156),(341,13,100159),(340,14,100159),(339,26,100159),(333,32,100159),(329,48,100159),(330,50,100159),(331,52,100159),(334,59,100159),(335,60,100159),(336,61,100159),(337,64,100159),(338,65,100159),(332,67,100159),(347,32,100161),(348,37,100161),(342,48,100161),(343,50,100161),(344,52,100161),(349,59,100161),(350,60,100161),(351,61,100161),(352,64,100161),(353,65,100161),(345,67,100161),(346,74,100161),(354,77,100161),(386,32,100162),(387,37,100162),(381,48,100162),(382,50,100162),(383,52,100162),(388,59,100162),(389,60,100162),(390,61,100162),(391,64,100162),(392,65,100162),(384,67,100162),(385,74,100162),(393,77,100162),(395,32,100163),(396,48,100163),(397,50,100163),(398,52,100163),(399,59,100163),(400,60,100163),(401,61,100163),(402,64,100163),(403,65,100163),(404,67,100163),(410,32,100164),(411,48,100164),(412,50,100164),(413,52,100164),(414,59,100164),(415,60,100164),(416,61,100164),(417,37,100165),(418,59,100165),(419,60,100165),(420,61,100165),(421,64,100165),(422,65,100165),(423,77,100165),(424,32,100166),(425,48,100166),(426,50,100166),(427,52,100166),(428,67,100166),(429,74,100166),(435,37,100167),(430,48,100167),(431,50,100167),(432,52,100167),(436,59,100167),(437,60,100167),(438,61,100167),(439,64,100167),(440,65,100167),(433,67,100167),(434,74,100167),(441,77,100167),(442,37,100169),(443,59,100169),(444,60,100169),(445,61,100169),(446,64,100169),(447,65,100169),(448,77,100169),(449,48,100170),(450,50,100170),(451,52,100170),(452,67,100170),(453,74,100170),(470,13,100172),(468,14,100172),(467,26,100172),(469,29,100172),(459,32,100172),(460,37,100172),(454,48,100172),(455,50,100172),(456,52,100172),(461,59,100172),(462,60,100172),(463,61,100172),(464,64,100172),(465,65,100172),(457,67,100172),(458,74,100172),(466,77,100172),(473,13,100176),(471,14,100176),(472,29,100176),(474,13,100177),(475,13,100178),(476,13,100179),(477,13,100180),(478,13,100181),(479,13,100182),(480,13,100183),(481,13,100184),(482,13,100185),(483,13,100186),(484,13,100187),(485,13,100188),(486,13,100189),(487,13,100190),(488,13,100191),(489,13,100192),(490,13,100193),(491,13,100194),(492,13,100195),(493,13,100196),(494,13,100197),(495,13,100198),(496,13,100199),(497,13,100200),(498,13,100201),(515,13,100203),(513,14,100203),(512,26,100203),(514,29,100203),(504,32,100203),(505,37,100203),(499,48,100203),(500,50,100203),(501,52,100203),(506,59,100203),(507,60,100203),(508,61,100203),(509,64,100203),(510,65,100203),(502,67,100203),(503,74,100203),(511,77,100203),(532,13,100204),(530,14,100204),(529,26,100204),(531,29,100204),(521,32,100204),(522,37,100204),(516,48,100204),(517,50,100204),(518,52,100204),(523,59,100204),(524,60,100204),(525,61,100204),(526,64,100204),(527,65,100204),(519,67,100204),(520,74,100204),(528,77,100204),(538,32,100205),(539,37,100205),(533,48,100205),(534,50,100205),(535,52,100205),(540,59,100205),(541,60,100205),(542,61,100205),(543,64,100205),(544,65,100205),(536,67,100205),(537,74,100205),(545,77,100205),(551,32,100207),(552,37,100207),(546,48,100207),(547,50,100207),(548,52,100207),(553,59,100207),(554,60,100207),(555,61,100207),(556,64,100207),(557,65,100207),(549,67,100207),(550,74,100207),(558,77,100207),(575,13,100208),(573,14,100208),(572,26,100208),(574,29,100208),(564,32,100208),(565,37,100208),(559,48,100208),(560,50,100208),(561,52,100208),(566,59,100208),(567,60,100208),(568,61,100208),(569,64,100208),(570,65,100208),(562,67,100208),(563,74,100208),(571,77,100208),(592,13,100209),(590,14,100209),(589,26,100209),(591,29,100209),(581,32,100209),(582,37,100209),(576,48,100209),(577,50,100209),(578,52,100209),(583,59,100209),(584,60,100209),(585,61,100209),(586,64,100209),(587,65,100209),(579,67,100209),(580,74,100209),(588,77,100209),(593,32,100210),(594,37,100210),(595,48,100210),(596,50,100210),(597,52,100210),(598,59,100210),(599,60,100210),(600,61,100210),(601,64,100210),(602,65,100210),(603,67,100210),(604,74,100210),(605,77,100210),(608,13,100211),(609,14,100211),(610,26,100211),(611,29,100211),(612,32,100211),(613,37,100211),(614,48,100211),(615,50,100211),(616,52,100211),(617,59,100211),(618,60,100211),(619,61,100211),(620,64,100211),(621,65,100211),(622,67,100211),(623,74,100211),(624,77,100211),(625,13,100212),(626,13,100213),(642,13,100214),(640,26,100214),(641,29,100214),(632,32,100214),(633,37,100214),(627,48,100214),(628,50,100214),(629,52,100214),(634,59,100214),(635,60,100214),(636,61,100214),(637,64,100214),(638,65,100214),(630,67,100214),(631,74,100214),(639,77,100214),(643,80,100214),(660,13,100215),(661,32,100216),(662,37,100216),(663,48,100216),(664,50,100216),(665,52,100216),(666,59,100216),(667,60,100216),(668,61,100216),(669,64,100216),(670,65,100216),(671,67,100216),(672,74,100216),(673,77,100216),(690,13,100217),(688,14,100217),(687,26,100217),(689,29,100217),(680,32,100217),(681,37,100217),(674,48,100217),(675,50,100217),(676,52,100217),(682,59,100217),(683,60,100217),(684,61,100217),(685,64,100217),(677,67,100217),(678,74,100217),(686,77,100217),(679,80,100217),(708,13,100218),(706,14,100218),(705,26,100218),(707,29,100218),(697,32,100218),(698,37,100218),(691,48,100218),(692,50,100218),(693,52,100218),(699,59,100218),(700,60,100218),(701,61,100218),(702,64,100218),(703,65,100218),(694,67,100218),(695,74,100218),(704,77,100218),(696,80,100218),(709,13,100219),(710,26,100219),(711,29,100219),(712,32,100219),(713,37,100219),(714,48,100219),(715,50,100219),(716,52,100219),(717,59,100219),(718,60,100219),(719,61,100219),(720,64,100219),(721,65,100219),(722,67,100219),(723,74,100219),(724,77,100219),(725,80,100219),(746,37,100220),(740,48,100220),(741,50,100220),(742,52,100220),(747,59,100220),(748,60,100220),(749,61,100220),(750,64,100220),(751,65,100220),(743,67,100220),(744,74,100220),(752,77,100220),(745,80,100220),(759,37,100221),(753,48,100221),(754,50,100221),(755,52,100221),(760,59,100221),(761,60,100221),(762,61,100221),(763,64,100221),(764,65,100221),(756,67,100221),(757,74,100221),(765,77,100221),(758,80,100221),(766,32,100222),(767,37,100222),(774,48,100222),(775,50,100222),(776,52,100222),(768,59,100222),(769,60,100222),(770,61,100222),(771,64,100222),(772,65,100222),(777,67,100222),(778,74,100222),(773,77,100222),(779,80,100222),(794,32,100223),(795,37,100223),(788,48,100223),(789,50,100223),(790,52,100223),(796,59,100223),(797,60,100223),(798,61,100223),(799,64,100223),(800,65,100223),(791,67,100223),(792,74,100223),(801,77,100223),(793,80,100223),(802,13,100224),(803,37,100225),(804,59,100225),(805,60,100225),(806,61,100225),(807,64,100225),(808,65,100225),(809,77,100225),(810,37,100226),(811,59,100226),(812,60,100226),(813,61,100226),(814,64,100226),(815,65,100226),(816,77,100226),(817,13,100227),(825,16,100231),(818,37,100231),(826,48,100231),(827,50,100231),(828,52,100231),(819,59,100231),(820,60,100231),(821,61,100231),(822,64,100231),(823,65,100231),(829,67,100231),(830,74,100231),(824,77,100231),(831,13,100232),(832,13,100233),(833,13,100234);
/*!40000 ALTER TABLE `AdvertisementLocation` ENABLE KEYS */;
UNLOCK TABLES;

--
-- Table structure for table `BusinessType`
--

DROP TABLE IF EXISTS `BusinessType`;
/*!40101 SET @saved_cs_client     = @@character_set_client */;
/*!50503 SET character_set_client = utf8mb4 */;
CREATE TABLE `BusinessType` (
  `business_type_id` int NOT NULL AUTO_INCREMENT,
  `business_type_name` varchar(100) NOT NULL,
  `business_type_description` varchar(1000) DEFAULT NULL,
  `status` enum('enabled','disabled') DEFAULT 'enabled',
  `created_at` timestamp NOT NULL DEFAULT CURRENT_TIMESTAMP,
  `updated_at` timestamp NOT NULL DEFAULT CURRENT_TIMESTAMP ON UPDATE CURRENT_TIMESTAMP,
  PRIMARY KEY (`business_type_id`),
  UNIQUE KEY `business_type_name` (`business_type_name`)
) ENGINE=InnoDB AUTO_INCREMENT=24 DEFAULT CHARSET=utf8mb4 COLLATE=utf8mb4_0900_ai_ci;
/*!40101 SET character_set_client = @saved_cs_client */;

--
-- Dumping data for table `BusinessType`
--

LOCK TABLES `BusinessType` WRITE;
/*!40000 ALTER TABLE `BusinessType` DISABLE KEYS */;
INSERT INTO `BusinessType` VALUES (1,'Retail','Businesses that sell products directly to consumers','enabled','2025-01-27 14:30:34','2025-01-27 14:30:34'),(2,'Food and Beverage','Restaurants, cafes, and catering services','enabled','2025-01-27 14:30:34','2025-01-27 14:30:34'),(3,'Healthcare','Hospitals, clinics, and pharmacies','enabled','2025-01-27 14:30:34','2025-01-27 14:30:34'),(4,'Education','Schools, colleges, and training institutions','enabled','2025-01-27 14:30:34','2025-01-27 14:30:34'),(5,'Technology','IT services, software development, and tech companies','enabled','2025-01-27 14:30:34','2025-01-27 14:30:34'),(6,'Entertainment','Theatres, cinemas, and event management','enabled','2025-01-27 14:30:34','2025-01-27 14:30:34'),(7,'Real Estate','Property buying, selling, and renting services','enabled','2025-01-27 14:30:34','2025-01-27 14:30:34'),(8,'Finance','Banks, investment firms, and financial consultants','enabled','2025-01-27 14:30:34','2025-01-27 14:30:34'),(9,'Logistics','Transportation and delivery services','enabled','2025-01-27 14:30:34','2025-01-27 14:30:34'),(10,'Manufacturing','Businesses involved in production and assembly of goods','enabled','2025-01-27 14:30:34','2025-01-27 14:30:34'),(11,'General Stores','','enabled','2025-02-11 05:20:17','2025-02-11 05:20:17'),(12,'Kirana Shops And General Stores','','enabled','2025-02-11 05:20:53','2025-02-11 05:20:53'),(13,'Kirana Shops','','enabled','2025-02-11 05:21:03','2025-02-11 05:21:03'),(14,'Super Market Grocery Stores','','enabled','2025-02-11 05:21:36','2025-02-11 05:21:49'),(15,'Restaurants','','enabled','2025-02-11 05:23:32','2025-02-11 05:23:32'),(16,'Medical Shops','','enabled','2025-02-11 05:23:46','2025-02-11 05:23:46'),(17,'Book Store','','enabled','2025-03-03 10:10:11','2025-03-03 10:10:11'),(18,'Jewellers','','enabled','2025-03-03 11:01:14','2025-03-03 11:01:14'),(19,'Food and Vegetable shops ','','enabled','2025-03-06 14:06:08','2025-03-06 14:06:08'),(20,'Doors and Furniture','','enabled','2025-03-08 13:42:42','2025-03-08 13:42:42'),(21,'SAREES Garment','','enabled','2025-03-21 03:41:16','2025-03-21 03:41:16'),(22,'Dairy and general store','','enabled','2025-04-12 04:02:44','2025-04-12 04:02:44'),(23,'Mobile & Electronic shops','','enabled','2025-06-01 04:41:08','2025-06-01 04:41:08');
/*!40000 ALTER TABLE `BusinessType` ENABLE KEYS */;
UNLOCK TABLES;

--
-- Table structure for table `ClientBusiness`
--

DROP TABLE IF EXISTS `ClientBusiness`;
/*!40101 SET @saved_cs_client     = @@character_set_client */;
/*!50503 SET character_set_client = utf8mb4 */;
CREATE TABLE `ClientBusiness` (
  `client_business_id` int NOT NULL AUTO_INCREMENT,
  `client_business_name` varchar(255) NOT NULL,
  `business_type_id` int NOT NULL,
  `interior_img` varchar(400) NOT NULL,
  `exterior_img` varchar(400) NOT NULL,
  `client_business_status` enum('Approved','Rejected','On Review') DEFAULT 'On Review',
  `client_business_remark` text,
  `user_id` int NOT NULL,
  `created_at` timestamp NOT NULL DEFAULT CURRENT_TIMESTAMP,
  `updated_at` timestamp NOT NULL DEFAULT CURRENT_TIMESTAMP,
  `update_request` enum('Accepted','Rejected','Submitted') DEFAULT NULL,
  PRIMARY KEY (`client_business_id`),
  KEY `user_id` (`user_id`),
  KEY `business_type_id` (`business_type_id`),
  CONSTRAINT `ClientBusiness_ibfk_1` FOREIGN KEY (`user_id`) REFERENCES `Users` (`user_id`),
  CONSTRAINT `ClientBusiness_ibfk_2` FOREIGN KEY (`business_type_id`) REFERENCES `BusinessType` (`business_type_id`)
) ENGINE=InnoDB AUTO_INCREMENT=40 DEFAULT CHARSET=utf8mb4 COLLATE=utf8mb4_0900_ai_ci;
/*!40101 SET character_set_client = @saved_cs_client */;

--
-- Dumping data for table `ClientBusiness`
--

LOCK TABLES `ClientBusiness` WRITE;
/*!40000 ALTER TABLE `ClientBusiness` DISABLE KEYS */;
INSERT INTO `ClientBusiness` VALUES (7,'Chai Tapri',3,'Media/Client/32_Hathiram___Choudhary/Chai Tapri/interior_img.jpg','Media/Client/32_Hathiram___Choudhary/Chai Tapri/exterior_img.jpg','Approved','',32,'2025-02-01 10:51:44','2025-02-01 10:51:44',NULL),(8,'Bhoyar Education',4,'Media/Client/1_Abhishek_Purushottam_Bhoyar/Bhoyar Education/interior_img.jpg','Media/Client/1_Abhishek_Purushottam_Bhoyar/Bhoyar Education/exterior_img.jpg','Approved',NULL,1,'2025-02-01 16:29:47','2025-02-01 16:29:47',NULL),(9,'Swaransh Mobile',8,'Media/Client/34_Swaransh_Sumit_Chavhan/Swaransh Mobile/interior_img.jpg','Media/Client/34_Swaransh_Sumit_Chavhan/Swaransh Mobile/exterior_img.jpg','Approved','same mobile no',34,'2025-02-01 18:11:49','2025-02-01 18:11:49','Rejected'),(13,'Dharampeth Medical & Jeneral Store',16,'Media/Client/40_Rajendra_Shriram_Umre/Dharampeth Medical & Jeneral Store/interior_img.jpg','Media/Client/40_Rajendra_Shriram_Umre/Dharampeth Medical & Jeneral Store/exterior_img.jpg','Approved','',40,'2025-02-11 08:28:46','2025-02-11 08:28:46',NULL),(14,'ggg',9,'Media/Client/33_Abhishek_Bose_ahe/ggg/interior_img.jpg','Media/Client/33_Abhishek_Bose_ahe/ggg/exterior_img.jpg','Approved','dh',33,'2025-02-12 14:36:15','2025-02-12 14:36:15','Submitted'),(15,'SN MART',14,'Media/Client/42_Sonam_Nikhil_Sonttake/SN MART/interior_img.jpg','Media/Client/42_Sonam_Nikhil_Sonttake/SN MART/exterior_img.jpg','Approved','',42,'2025-02-15 06:15:18','2025-02-15 06:15:18',NULL),(17,'SAI Kirana',13,'Media/Client/45_Pundlik_Shrawan_Bhorkar/SAI Kirana/interior_img.jpg','Media/Client/45_Pundlik_Shrawan_Bhorkar/SAI Kirana/exterior_img.jpg','Approved','',45,'2025-02-20 18:56:46','2025-02-20 18:56:46',NULL),(18,'GD',2,'Media/Client/1_Abhishek_Purushottam_Bhoyar/GD/interior_img.jpg','Media/Client/1_Abhishek_Purushottam_Bhoyar/GD/exterior_img.jpg','On Review',NULL,1,'2025-02-21 00:11:18','2025-02-21 00:11:18',NULL),(19,'test',4,'Media/Client/33_Abhishek_Purushottam_Bhoyar/test/interior_img.jpg','Media/Client/33_Abhishek_Purushottam_Bhoyar/test/exterior_img.jpg','On Review',NULL,33,'2025-02-22 01:45:40','2025-02-22 01:45:40',NULL),(20,'cn',4,'Media/Client/49_Purushottam_Bhoyar_Bhoyar/cn/interior_img.jpg','Media/Client/49_Purushottam_Bhoyar_Bhoyar/cn/exterior_img.jpg','On Review',NULL,49,'2025-02-22 02:03:18','2025-02-22 02:03:18',NULL),(21,'test',4,'Media/Client/49_Purushottam_Bhoyar_Bhoyar/test/interior_img.jpg','Media/Client/49_Purushottam_Bhoyar_Bhoyar/test/exterior_img.jpg','On Review',NULL,49,'2025-02-23 14:35:36','2025-02-23 14:35:36',NULL),(22,'test',4,'Media/Client/33_Abhishek_Purushottam_Bhoyar/test/interior_img.jpg','Media/Client/33_Abhishek_Purushottam_Bhoyar/test/exterior_img.jpg','On Review',NULL,33,'2025-02-23 14:39:40','2025-02-23 14:39:40',NULL),(23,'Vishal kirana',13,'Media/Client/50_LUKUSH_KEDARNATH_Gupta/Vishal kirana/interior_img.jpg','Media/Client/50_LUKUSH_KEDARNATH_Gupta/Vishal kirana/exterior_img.jpg','Approved','',50,'2025-02-23 15:06:16','2025-02-23 15:06:16',NULL),(24,'Majumdar medical Store',16,'Media/Client/51_Ruma_Biplab_Mazumder/Majumdar medical Store/interior_img.jpg','Media/Client/51_Ruma_Biplab_Mazumder/Majumdar medical Store/exterior_img.jpg','Approved','',51,'2025-03-02 08:08:12','2025-03-02 08:08:12',NULL),(25,'Lakshmi Medical Store',16,'Media/Client/52_Laxminarayan_Kishorilal_Kesarwani/Lakshmi Medical Store/interior_img.jpg','Media/Client/52_Laxminarayan_Kishorilal_Kesarwani/Lakshmi Medical Store/exterior_img.jpg','Approved','',52,'2025-03-02 08:22:21','2025-03-02 08:22:21',NULL),(26,'Om Sai sweet and farsan',15,'Media/Client/37_Nitin_Shantilalji_Vyas/Om Sai sweet and farsan/interior_img.jpg','Media/Client/37_Nitin_Shantilalji_Vyas/Om Sai sweet and farsan/exterior_img.jpg','On Review',NULL,37,'2025-03-02 12:16:01','2025-03-02 12:16:01',NULL),(27,'Radha Krishna provision and general store',11,'Media/Client/48_Gopal_Narayan_Sewak/Radha Krishna provision and general store/interior_img.jpg','Media/Client/48_Gopal_Narayan_Sewak/Radha Krishna provision and general store/exterior_img.jpg','Approved','',48,'2025-03-03 09:19:45','2025-03-03 09:19:45',NULL),(28,'Subodh Book depot',17,'Media/Client/53_Parikshit_Gajananrao_Thakre/Subodh Book depot/interior_img.jpg','Media/Client/53_Parikshit_Gajananrao_Thakre/Subodh Book depot/exterior_img.jpg','Approved','',53,'2025-03-03 10:11:30','2025-03-03 10:11:30',NULL),(29,'mahaveer Kirana and aata chakki',12,'Media/Client/54_Vijay_Abhay_Gore/mahaveer Kirana and aata chakki/interior_img.jpg','Media/Client/54_Vijay_Abhay_Gore/mahaveer Kirana and aata chakki/exterior_img.jpg','Approved','',54,'2025-03-03 10:24:54','2025-03-03 10:24:54',NULL),(30,'mahaveer Kirana and aata chakki',12,'Media/Client/54_Vijay_Abhay_Gore/mahaveer Kirana and aata chakki/interior_img.jpg','Media/Client/54_Vijay_Abhay_Gore/mahaveer Kirana and aata chakki/exterior_img.jpg','Rejected','Repeat',54,'2025-03-03 10:25:01','2025-03-03 10:25:01',NULL),(31,'Kanhaiya Kirana and Dhanya Bhandar',13,'Media/Client/55_Vishal_Prabhakar_Kumbhare/Kanhaiya Kirana and Dhanya Bhandar/interior_img.jpg','Media/Client/55_Vishal_Prabhakar_Kumbhare/Kanhaiya Kirana and Dhanya Bhandar/exterior_img.jpg','Approved','',55,'2025-03-06 12:59:21','2025-03-06 12:59:21',NULL),(32,'OM SAI SWEET AND FARSAN',15,'Media/Client/37_Nitin_Shantilalji_Vyas/OM SAI SWEET AND FARSAN/interior_img.jpg','Media/Client/37_Nitin_Shantilalji_Vyas/OM SAI SWEET AND FARSAN/exterior_img.jpg','Approved','',37,'2025-03-06 13:42:56','2025-03-06 13:42:56',NULL),(33,'Pardhi Vegetable Shop',19,'Media/Client/56_Pramod_Motiram_Pardhi/Pardhi Vegetable Shop/interior_img.jpg','Media/Client/56_Pramod_Motiram_Pardhi/Pardhi Vegetable Shop/exterior_img.jpg','Approved','',56,'2025-03-06 14:11:14','2025-03-06 14:11:14',NULL),(34,'Daksh veg restaurant',15,'Media/Client/57_Daksh_sumit_Chavhan/Daksh veg restaurant/interior_img.jpg','Media/Client/57_Daksh_sumit_Chavhan/Daksh veg restaurant/exterior_img.jpg','On Review',NULL,57,'2025-03-08 14:58:14','2025-03-08 14:58:14',NULL),(35,'Sonu Restaurant and  Pan palace',15,'Media/Client/58_Dinesh_Govind_Jaiswal/Sonu Restaurant and  Pan palace/interior_img.jpg','Media/Client/58_Dinesh_Govind_Jaiswal/Sonu Restaurant and  Pan palace/exterior_img.jpg','On Review',NULL,58,'2025-03-10 08:02:00','2025-03-10 08:02:00',NULL),(36,'Prajapati Jaat center',19,'Media/Client/61_Shyam_Arunrao_Kashikar/Prajapati Jaat center/interior_img.jpg','Media/Client/61_Shyam_Arunrao_Kashikar/Prajapati Jaat center/exterior_img.jpg','Approved','',61,'2025-03-20 10:20:46','2025-03-20 10:20:46',NULL),(37,'tathastu restaurant',15,'Media/Client/65_Bhagyashree_Sumit_Chavhan/tathastu restaurant/interior_img.jpg','Media/Client/65_Bhagyashree_Sumit_Chavhan/tathastu restaurant/exterior_img.jpg','Approved','',65,'2025-03-20 12:25:39','2025-03-20 12:25:39',NULL),(38,'Ramesh Chiwadawala',2,'Media/Client/67_Rameshchandra_Ramraj_Gupta/Ramesh Chiwadawala/interior_img.jpg','Media/Client/67_Rameshchandra_Ramraj_Gupta/Ramesh Chiwadawala/exterior_img.jpg','Approved','',67,'2025-03-20 18:36:10','2025-03-20 18:36:10',NULL),(39,'Annapurna Guru udyog and mithaai',22,'Media/Client/70_Pallavi_Sangram_Bhoyate/Annapurna Guru udyog and mithaai/interior_img.jpg','Media/Client/70_Pallavi_Sangram_Bhoyate/Annapurna Guru udyog and mithaai/exterior_img.jpg','Approved','',70,'2025-04-17 03:40:39','2025-04-17 03:40:39',NULL);
/*!40000 ALTER TABLE `ClientBusiness` ENABLE KEYS */;
UNLOCK TABLES;

--
-- Table structure for table `Display`
--

DROP TABLE IF EXISTS `Display`;
/*!40101 SET @saved_cs_client     = @@character_set_client */;
/*!50503 SET character_set_client = utf8mb4 */;
CREATE TABLE `Display` (
  `display_id` int NOT NULL AUTO_INCREMENT,
  `display_img` varchar(400) NOT NULL,
  `display_video` varchar(400) NOT NULL,
  `display_status` enum('Approved','Rejected','On Review','Active','Inactive') DEFAULT 'On Review',
  `display_remark` text,
  `pay_by` enum('Fixed','ByAds','None') DEFAULT 'ByAds',
  `d_type` enum('Private','Public') DEFAULT 'Public',
  `display_type_id` int DEFAULT NULL,
  `client_business_id` int DEFAULT NULL,
  `update_request` enum('Accepted','Rejected','Submitted') DEFAULT NULL,
  `fcm_token` varchar(500) DEFAULT NULL,
  `youtube_video_link` varchar(200) DEFAULT NULL,
  `fixed_pay` decimal(10,2) DEFAULT NULL,
  `share_per` decimal(10,2) DEFAULT '30.00',
  PRIMARY KEY (`display_id`),
  KEY `display_type_id` (`display_type_id`),
  KEY `client_business_id` (`client_business_id`),
  CONSTRAINT `Display_ibfk_1` FOREIGN KEY (`display_type_id`) REFERENCES `DisplayType` (`display_type_id`),
  CONSTRAINT `Display_ibfk_2` FOREIGN KEY (`client_business_id`) REFERENCES `ClientBusiness` (`client_business_id`)
) ENGINE=InnoDB AUTO_INCREMENT=100031 DEFAULT CHARSET=utf8mb4 COLLATE=utf8mb4_0900_ai_ci;
/*!40101 SET character_set_client = @saved_cs_client */;

--
-- Dumping data for table `Display`
--

LOCK TABLES `Display` WRITE;
/*!40000 ALTER TABLE `Display` DISABLE KEYS */;
INSERT INTO `Display` VALUES (100001,'Media/Client/32_Hathiram___Choudhary/Chai Tapri/display_img_Standee_1738407221485.jpg','Media/Client/32_Hathiram___Choudhary/Chai Tapri/display_video_Standee_1738407221485.mp4','Active',NULL,'ByAds','Public',3,7,NULL,'fXMv-8FXRrOHn0_9m-aq_s:APA91bETBv7z3StTOdktoVNlZKrh6UXWY0RurACo9P2aXB06R9RPURjBg5eAeZWS23wPhitlfi1LXVz2Tfn3_nkW_HrEeqByL7kwFJaqSwAk0KwUdClVpqQ','https://youtu.be/bukN2P7WpwE',NULL,30.00),(100002,'Media/Client/1_Abhishek_Purushottam_Bhoyar/Bhoyar Education/display_img_Inner_1738427507740.jpg','Media/Client/1_Abhishek_Purushottam_Bhoyar/Bhoyar Education/display_video_Inner_1738427507740.mp4','Approved',NULL,'ByAds','Public',1,8,NULL,NULL,NULL,NULL,30.00),(100003,'../Media/Client/34_Swaransh_Sumit_Chavhan/Swaransh Mobile/display_img_Inner_1752350238727.jpg','../Media/Client/34_Swaransh_Sumit_Chavhan/Swaransh Mobile/display_video_Inner_1752350238727.mp4','Active','same name','ByAds','Public',1,9,'Rejected','fjY_2jFkQ2y6EzEkWZ_cNK:APA91bHYHtwN4M72U6ZHD7ARyCRUGOLFU9qgc2mBV606_JMzAK_ONozmeZgmzsOjASMy3SSIlXEWosLb3nsHq7o-jYzaiH94a4wJJS_vksq3G3N5MGmoPyQ','125345',NULL,30.00),(100005,'Media/Client/40_Rajendra_Shriram_Umre/Dharampeth Medical & Jeneral Store/display_img_Inner_1739263269053.jpg','Media/Client/40_Rajendra_Shriram_Umre/Dharampeth Medical & Jeneral Store/display_video_Inner_1739263269053.mp4','Active',NULL,'ByAds','Public',1,13,NULL,'e2RA26vfQA2gggCuLhdWF-:APA91bF3swoN0ywDShMXxaQdIomwivwJ9P6qKzn7Bh3bwdFDg671Ih0uBv50dJ5mPk-K87f4D8E5zfpvO9Y19qcaPy6-YENnFAotDGAz27Ru4qUVpV8rC_U','https://youtu.be/qOHs8nnIjVs',NULL,30.00),(100006,'Media/Client/33_Abhishek_Bose_ahe/ggg/display_img_Inner_1739371100169.jpg','Media/Client/33_Abhishek_Bose_ahe/ggg/display_video_Inner_1739371100169.mp4','Active','gh','ByAds','Public',1,14,'Submitted','e-Whbxo8SriFzrHzxLZcST:APA91bFsemkiWKi6-rXUtyRXFkVbfkOSx5kCNOF9RUds9E2jvXsf49nEl-CYhtcGNj5qib7OjYbwCXhRz6kP0GavBCO5ugweuy5K7TNcJPHd2LpkdMogzGU',NULL,NULL,30.00),(100007,'Media/Client/45_Pundlik_Shrawan_Bhorkar/SAI Kirana/display_img_Inner_1740078416932.jpg','Media/Client/45_Pundlik_Shrawan_Bhorkar/SAI Kirana/display_video_Inner_1740078416932.mp4','Active',NULL,'ByAds','Public',1,17,NULL,'dU3OxVUZT8Od9XL8yBjmNV:APA91bGrz5tEyOq_sHUn_8TYrdRWaZhVp21JO6JulG2IWruOT6t-w52DKKxexedQJ9BslSWA-idLzECSGMaokBCSfe9zAO555-GeoAv0FpLad7bgkrxxnC4','123',NULL,30.00),(100008,'Media/Client/40_Rajendra_Shriram_Umre/Dharampeth Medical & Jeneral Store/display_img_Inner_1740168558942.jpg','Media/Client/40_Rajendra_Shriram_Umre/Dharampeth Medical & Jeneral Store/display_video_Inner_1740168558943.mp4','On Review',NULL,'ByAds','Public',1,13,NULL,NULL,NULL,NULL,30.00),(100009,'Media/Client/40_Rajendra_Shriram_Umre/Dharampeth Medical & Jeneral Store/display_img_Inner_1740168608437.jpg','Media/Client/40_Rajendra_Shriram_Umre/Dharampeth Medical & Jeneral Store/display_video_Inner_1740168608438.mp4','Rejected','other','ByAds','Public',1,13,NULL,NULL,'1235',NULL,30.00),(100010,'Media/Client/42_Sonam_Nikhil_Sonttake/SN MART/display_img_Inner_1740297136755.jpg','Media/Client/42_Sonam_Nikhil_Sonttake/SN MART/display_video_Inner_1740297136756.mp4','Active',NULL,'Fixed','Public',1,15,NULL,'eRP5qsXURguhVIRL-qvcrY:APA91bGCLBTVU15W2KpWKScYr8DDndbIVcQe5XrDc_Q2HWOPiDlHod-Oi6xXI3vQwQtnjt9kVu_Z8Wt0ZOgkXhg7Z7HKvGf6Za-b8AKL7L-IEkNXpDdq1Ls','https://youtu.be/D7-M3qq9tQU',1000.00,10.00),(100011,'Media/Client/48_Gopal_Narayan_Sewak/Radha Krishna provision and general store/display_img_Inner_1740993741662.jpg','Media/Client/48_Gopal_Narayan_Sewak/Radha Krishna provision and general store/display_video_Inner_1740993741662.mp4','Active',NULL,'ByAds','Public',1,27,NULL,'eewMjJr9QZ6xlQGJ_tnqJX:APA91bE_dfzxrGVmbIUbP3VzXY9ep_afDTqR-TQnhQef2SK2OvhXfdNUfTqtGfGdLBOThRHtC11p_vGtnY18aoZlzwM9EZks21hxYkbnJawubj3nAkoIE1E','https://youtu.be/3hYGI6wHZgQ',NULL,30.00),(100012,'Media/Client/50_LUKUSH_KEDARNATH_Gupta/Vishal kirana/display_img_Inner_1740995345853.jpg','Media/Client/50_LUKUSH_KEDARNATH_Gupta/Vishal kirana/display_video_Inner_1740995345854.mp4','Active',NULL,'ByAds','Public',1,23,NULL,'ceP50C7aRAi0xzcv7N3kEB:APA91bEBtPpzWeKPlozD4WGapzverBPIVj7fEwpOQueHLTWSSXX-dS-giL8OBZ3uZeexyxbOHnRIiBEnY_u5kEpYUKvrfl0IA7n0fdF8Z5gkOvs6a93bcgE','https://youtu.be/s-9F6OHbLkE',NULL,30.00),(100013,'Media/Client/51_Ruma_Biplab_Mazumder/Majumdar medical Store/display_img_Inner_1740995988416.jpg','Media/Client/51_Ruma_Biplab_Mazumder/Majumdar medical Store/display_video_Inner_1740995988416.mp4','Active',NULL,'ByAds','Public',1,24,NULL,'fBiVKJ3ETNan6x2wDFFuPH:APA91bGoUFxjr-1ncJvxpdn59EJKAjJxD8zMW1vgYNNVAetxFbn4KwCjk_nY9z_EQHF-L8gBsRANU6TXqB3vfR54z40imiCp12nqq85Rs9eMDh3OPlMyrJs','https://youtu.be/-sjL0f28HWs',NULL,30.00),(100014,'Media/Client/52_Laxminarayan_Kishorilal_Kesarwani/Lakshmi Medical Store/display_img_Inner_1740996340741.jpg','Media/Client/52_Laxminarayan_Kishorilal_Kesarwani/Lakshmi Medical Store/display_video_Inner_1740996340741.mp4','Active',NULL,'ByAds','Public',1,25,NULL,'fXMv-8FXRrOHn0_9m-aq_s:APA91bETBv7z3StTOdktoVNlZKrh6UXWY0RurACo9P2aXB06R9RPURjBg5eAeZWS23wPhitlfi1LXVz2Tfn3_nkW_HrEeqByL7kwFJaqSwAk0KwUdClVpqQ','https://youtu.be/cNljywu67jA',NULL,30.00),(100015,'Media/Client/53_Parikshit_Gajananrao_Thakre/Subodh Book depot/display_img_Inner_1740997112089.jpg','Media/Client/53_Parikshit_Gajananrao_Thakre/Subodh Book depot/display_video_Inner_1740997112089.mp4','Active',NULL,'ByAds','Public',1,28,NULL,'cIyKsCTEQ-mspxQTE-WDZE:APA91bFpbaBFlnACuseizMxjjvZzbKI964RSd5xRzrenrx647ffkOxW37xK9FH05gh8umoOwufOiCvz1fB2vN2xXm9f3eKWSCA7_z2hyPg7TB8mMwHo9XsU','https://youtu.be/RA8h2I0e03Q',NULL,30.00),(100016,'Media/Client/54_Vijay_Abhay_Gore/mahaveer Kirana and aata chakki/display_img_Inner_1740997769233.jpg','Media/Client/54_Vijay_Abhay_Gore/mahaveer Kirana and aata chakki/display_video_Inner_1740997769233.mp4','Active',NULL,'ByAds','Public',1,29,NULL,'flcdw-LvR5qxATXRIS56S0:APA91bEirhrUgqX6gLjsPcnYyejL6H2wA02inL1N39cW4xODKgZTzQafuNFjPVkOGzhI2HeBn0ilUQbdJQFUVGj47Tl2iQMgFLfLxsAC49k2c5Yn_AA76o0','https://youtu.be/CPEcoYC8ofg',NULL,30.00),(100017,'Media/Client/55_Vishal_Prabhakar_Kumbhare/Kanhaiya Kirana and Dhanya Bhandar/display_img_Inner_1741266517501.jpg','Media/Client/55_Vishal_Prabhakar_Kumbhare/Kanhaiya Kirana and Dhanya Bhandar/display_video_Inner_1741266517501.mp4','Active',NULL,'ByAds','Public',1,31,NULL,'dc4aORuLQMOxHjNexlXQBo:APA91bGnCd9u0FgANM-XuyonRcAPawWDma1hHeEmN88Wt7r_iYSq5t_fc_fQS_r61mYoPnKgZ3zcphzc2A-G_RYtw0xMho-uinpFxDQ82qTiXQR-WWjEjWs','https://youtu.be/dceu4SiBB5Q',NULL,30.00),(100018,'Media/Client/37_Nitin_Shantilalji_Vyas/OM SAI SWEET AND FARSAN/display_img_Inner_1741269071233.jpg','Media/Client/37_Nitin_Shantilalji_Vyas/OM SAI SWEET AND FARSAN/display_video_Inner_1741269071233.mp4','Active',NULL,'ByAds','Public',1,32,NULL,'d8U_pP_ARq6UHeQ3ynHvRO:APA91bGnOx6ENqdbIb__8J_0IRWaFIQORnEm_FD_jWCfL_oc2f-l5_6v4FBPXS9lECpFzYDO9vwd0GNx0OZPJCLtqVSi7UnXtqw1bVUQENp3PFcUX_S-xuY','https://youtu.be/rLkQb3hl2ak',NULL,30.00),(100019,'Media/Client/56_Pramod_Motiram_Pardhi/Pardhi Vegetable Shop/display_img_Inner_1741332334650.jpg','Media/Client/56_Pramod_Motiram_Pardhi/Pardhi Vegetable Shop/display_video_Inner_1741332334651.mp4','Active',NULL,'ByAds','Public',1,33,NULL,'fJUmHYYGTSeiT4J0SpSD6n:APA91bEF58yAB-ZteKfi7UpjjWJVHlMYp5ceVaILDP4paclnUMsqRGNhQ-XpvTYzR16R1y3MDjkNnONv169LxiMKdegmndmUjiTSEpNmEAmS9LpT2DIj45k','https://youtu.be/92DBsQqI7Y8',NULL,30.00),(100020,'Media/Client/56_Pramod_Motiram_Pardhi/Pardhi Vegetable Shop/display_img_Inner_1741332483798.jpg','Media/Client/56_Pramod_Motiram_Pardhi/Pardhi Vegetable Shop/display_video_Inner_1741332483798.mp4','On Review',NULL,'ByAds','Public',1,33,NULL,NULL,NULL,NULL,30.00),(100021,'Media/Client/32_Hathiram___Choudhary/Chai Tapri/display_img_Inner_1741830456210.jpg','Media/Client/32_Hathiram___Choudhary/Chai Tapri/display_video_Inner_1741830456212.mp4','Active',NULL,'Fixed','Public',1,7,NULL,NULL,'a',2000.00,30.00),(100022,'Media/Client/61_Shyam_Arunrao_Kashikar/Prajapati Jaat center/display_img_Inner_1742470190138.jpg','Media/Client/61_Shyam_Arunrao_Kashikar/Prajapati Jaat center/display_video_Inner_1742470190139.mp4','Active',NULL,'ByAds','Public',1,36,NULL,'dWzIw0fjT5mO501WFaMisx:APA91bGzKCd5qdT3iWBRhGnmqspbyxM4j114X3EF2S4hCGbJ_B-rrNwK8fkr8DQa8omTun6UjUHtrNSQVFcAW6XfKrszkGJ3t_p_eZif1GVY8EM1Cxcf2cE','MWRT',NULL,30.00),(100023,'Media/Client/61_Shyam_Arunrao_Kashikar/Prajapati Jaat center/display_img_Inner_1742470830061.jpg','Media/Client/61_Shyam_Arunrao_Kashikar/Prajapati Jaat center/display_video_Inner_1742470830061.mp4','On Review',NULL,'ByAds','Public',1,36,NULL,NULL,NULL,NULL,30.00),(100024,'Media/Client/67_Rameshchandra_Ramraj_Gupta/Ramesh Chiwadawala/display_img_Inner_1742527647928.jpg','Media/Client/67_Rameshchandra_Ramraj_Gupta/Ramesh Chiwadawala/display_video_Inner_1742527647928.mp4','Active',NULL,'ByAds','Public',1,38,NULL,'dkUia0s4Qx6ofPJeJZeItP:APA91bEzpdmagpZFGh7jyttDetvtkada8mP7qKb7n9xO_BFOoaO00ck-FjrrLHo4yrXrVh_QAQqxSf1ZAjFOMnR9kM43o8cFCXDvEMsSPFzONJUdDjtVPT8','YIU123',NULL,30.00),(100025,'Media/Client/32_Hathiram___Choudhary/Chai Tapri/display_img_Inner_1744013464911.jpg','Media/Client/32_Hathiram___Choudhary/Chai Tapri/display_video_Inner_1744013464912.mp4','Active',NULL,'ByAds','Public',1,7,NULL,NULL,'test',NULL,30.00),(100026,'Media/Client/32_Hathiram___Choudhary/Chai Tapri/display_img_Standee_1744015520988.jpg','Media/Client/32_Hathiram___Choudhary/Chai Tapri/display_video_Standee_1744015520988.mp4','Active',NULL,'ByAds','Public',3,7,NULL,NULL,'test',NULL,30.00),(100027,'Media/Client/32_Hathiram___Choudhary/Chai Tapri/display_img_Outer_1744015647233.jpg','Media/Client/32_Hathiram___Choudhary/Chai Tapri/display_video_Outer_1744015647233.mp4','Active',NULL,'ByAds','Public',2,7,NULL,NULL,'test',NULL,30.00),(100028,'Media/Client/32_Hathiram___Choudhary/Chai Tapri/display_img_Inner_1744015760069.jpg','Media/Client/32_Hathiram___Choudhary/Chai Tapri/display_video_Inner_1744015760069.mp4','Active',NULL,'ByAds','Public',1,7,NULL,'et0xIqWWQZevC0UnvzWPTV:APA91bFUD6QByWRc7Ftd9ioatzblMuu8GEj5HAaDlTxwwxYxTb6Rk6ASyvmGsCJ0ETR4Gg-4lZ64IglRHhx-DeilzbvGcjsXFNjg-uCdeL1cxRtzjKiycbU','test',NULL,30.00),(100029,'Media/Client/32_Hathiram___Choudhary/Chai Tapri/display_img_Standee_1744089668027.jpg','Media/Client/32_Hathiram___Choudhary/Chai Tapri/display_video_Standee_1744089668028.mp4','Active',NULL,'ByAds','Public',3,7,NULL,'ehKz2dXSRsmETYFM1wyq8_:APA91bH2gy4Iid0MT4UTDyFjWMuDqbPGykQuUiJlqmHxAG_O1L086lN-FW_1QKsJZFLVciuVOFKjHAiGvujwbNVorOqEmGsd0PytC4Wl4kOx0stKvdGzSXc','29link',NULL,30.00),(100030,'Media/Client/70_Pallavi_Sangram_Bhoyate/Annapurna Guru udyog and mithaai/display_img_Inner_1746163264045.jpg','Media/Client/70_Pallavi_Sangram_Bhoyate/Annapurna Guru udyog and mithaai/display_video_Inner_1746163264045.mp4','Active',NULL,'ByAds','Public',1,39,NULL,'f1vGsH1xTMiR2JRgixTfMp:APA91bERnxPxtQ0McSbu9Mq7J7Fhg24fp_M0Ah4hg5qjgVXn3bScQlr106y0AWU9d3wMKtrMPAXhrJz04EHhUMJ4-cnhMv-yvqczuw_zZl0B-SZx7zPoW9E','Sda123',NULL,30.00);
/*!40000 ALTER TABLE `Display` ENABLE KEYS */;
UNLOCK TABLES;

--
-- Table structure for table `DisplayChargeInvoice`
--

DROP TABLE IF EXISTS `DisplayChargeInvoice`;
/*!40101 SET @saved_cs_client     = @@character_set_client */;
/*!50503 SET character_set_client = utf8mb4 */;
CREATE TABLE `DisplayChargeInvoice` (
  `id` int NOT NULL AUTO_INCREMENT,
  `display_id` int DEFAULT NULL,
  `display_type` varchar(400) DEFAULT NULL,
  `charge` decimal(10,2) DEFAULT NULL,
  `bill_status` enum('Paid','Unpaid') DEFAULT NULL,
  `date` timestamp NULL DEFAULT CURRENT_TIMESTAMP,
  PRIMARY KEY (`id`),
  KEY `display_id` (`display_id`),
  CONSTRAINT `DisplayChargeInvoice_ibfk_1` FOREIGN KEY (`display_id`) REFERENCES `Display` (`display_id`)
) ENGINE=InnoDB AUTO_INCREMENT=100008 DEFAULT CHARSET=utf8mb4 COLLATE=utf8mb4_0900_ai_ci;
/*!40101 SET character_set_client = @saved_cs_client */;

--
-- Dumping data for table `DisplayChargeInvoice`
--

LOCK TABLES `DisplayChargeInvoice` WRITE;
/*!40000 ALTER TABLE `DisplayChargeInvoice` DISABLE KEYS */;
INSERT INTO `DisplayChargeInvoice` VALUES (100004,100003,'Outer',12000.00,'Paid','2025-02-12 04:37:03');
/*!40000 ALTER TABLE `DisplayChargeInvoice` ENABLE KEYS */;
UNLOCK TABLES;

--
-- Table structure for table `DisplayEarning`
--

DROP TABLE IF EXISTS `DisplayEarning`;
/*!40101 SET @saved_cs_client     = @@character_set_client */;
/*!50503 SET character_set_client = utf8mb4 */;
CREATE TABLE `DisplayEarning` (
  `display_earning_id` int NOT NULL AUTO_INCREMENT,
  `active_time` int DEFAULT '0',
  `inactive_time` int DEFAULT '10',
  `earning` decimal(10,2) DEFAULT NULL,
  `fine` decimal(10,2) DEFAULT NULL,
  `total_earning` decimal(10,2) DEFAULT NULL,
  `earning_date` date DEFAULT NULL,
  `display_id` int NOT NULL,
  `ad_count` int DEFAULT NULL,
  PRIMARY KEY (`display_earning_id`),
  KEY `display_id` (`display_id`),
  CONSTRAINT `DisplayEarning_ibfk_1` FOREIGN KEY (`display_id`) REFERENCES `Display` (`display_id`)
) ENGINE=InnoDB AUTO_INCREMENT=669 DEFAULT CHARSET=utf8mb4 COLLATE=utf8mb4_0900_ai_ci;
/*!40101 SET character_set_client = @saved_cs_client */;

--
-- Dumping data for table `DisplayEarning`
--

LOCK TABLES `DisplayEarning` WRITE;
/*!40000 ALTER TABLE `DisplayEarning` DISABLE KEYS */;
INSERT INTO `DisplayEarning` VALUES (1,20,460,0.00,0.00,0.00,'2025-02-01',100001,5),(2,407,73,0.00,0.00,0.00,'2025-01-28',100003,NULL),(3,16,464,0.00,0.00,0.00,'2025-01-30',100003,2),(4,102,378,0.00,0.00,0.00,'2025-02-01',100003,NULL),(5,-1021,1501,0.00,0.00,0.00,'2025-02-02',100003,2),(6,20,460,0.00,0.00,0.00,'2025-02-03',100003,0),(7,10,470,0.00,0.00,0.00,'2025-02-04',100001,NULL),(8,5,475,0.00,0.00,0.00,'2025-02-05',100003,NULL),(9,20,460,0.00,0.00,0.00,'2025-02-06',100003,8),(10,50,430,0.00,0.00,0.00,'2025-02-07',100001,NULL),(11,13,467,0.00,0.00,0.00,'2025-02-08',100003,0),(12,67,413,217.75,1342.25,217.75,'2025-02-08',100001,13),(13,9,471,0.00,0.00,0.00,'2025-02-09',100001,3),(14,151,329,302.00,658.00,302.00,'2025-02-10',100001,8),(15,104,376,234.00,846.00,234.00,'2025-02-11',100001,9),(17,18,462,45.00,1155.00,45.00,'2025-02-12',100001,10),(19,504,0,27.72,0.00,27.72,'2025-02-11',100005,2),(20,288,192,12.06,8.04,12.06,'2025-02-12',100005,2),(21,42,438,70.39,729.61,70.39,'2025-02-07',100003,10),(23,480,0,20.10,0.00,20.10,'2025-02-13',100005,2),(24,480,0,20.10,0.00,20.10,'2025-02-14',100005,2),(26,375,105,15.70,4.40,15.70,'2025-02-15',100005,2),(27,480,0,20.10,0.00,20.10,'2025-02-17',100005,2),(28,480,0,20.10,0.00,20.10,'2025-02-18',100005,2),(29,480,0,20.10,0.00,20.10,'2025-02-19',100005,2),(30,480,0,20.10,0.00,20.10,'2025-02-20',100005,2),(31,450,30,18.84,1.26,18.84,'2025-02-21',100005,2),(32,480,0,20.10,0.00,20.10,'2025-02-22',100005,2),(33,318,162,6.66,3.39,6.66,'2025-02-23',100010,1),(34,480,0,10.05,0.00,10.05,'2025-02-24',100005,1),(35,477,3,9.99,0.06,9.99,'2025-02-24',100010,1),(36,38,442,0.80,9.25,0.80,'2025-02-25',100010,1),(37,480,0,10.05,0.00,10.05,'2025-02-26',100010,1),(38,16,464,16.00,464.00,16.00,'2025-02-27',100001,4),(39,829,0,17.36,0.00,17.36,'2025-02-27',100010,1),(40,480,0,10.05,0.00,10.05,'2025-02-28',100010,1),(41,134,346,2.81,7.24,2.81,'2025-03-03',100013,1),(42,313,167,6.55,3.50,6.55,'2025-03-04',100013,1),(43,198,282,4.15,5.90,4.15,'2025-03-03',100011,1),(44,53,427,1.11,8.94,1.11,'2025-03-04',100011,1),(46,98,382,2.05,8.00,2.05,'2025-03-04',100016,1),(47,480,0,10.05,0.00,10.05,'2025-03-04',100015,1),(48,33,447,0.69,9.36,0.69,'2025-03-05',100016,1),(49,480,0,20.10,0.00,20.10,'2024-07-08',100016,2),(50,584,0,24.46,0.00,24.46,'2025-03-05',100010,2),(51,247,233,5.17,4.88,5.17,'2025-03-05',100015,1),(52,480,0,10.05,0.00,10.05,'2025-03-06',100015,1),(53,18,462,0.38,9.67,0.38,'2025-03-05',100011,1),(54,480,0,10.05,0.00,10.05,'2025-03-07',100012,1),(55,480,0,10.05,0.00,10.05,'2025-03-07',100015,1),(56,480,0,10.05,0.00,10.05,'2025-03-07',100014,1),(57,216,264,4.52,5.53,4.52,'2025-03-06',100016,1),(58,305,175,19.16,10.99,8.17,'2024-07-09',100016,3),(59,129,351,2.70,7.35,2.70,'2025-03-07',100016,1),(60,480,0,20.10,0.00,20.10,'2025-03-08',100015,2),(61,272,208,11.39,8.71,11.39,'2025-03-08',100014,2),(62,215,265,4.50,5.55,4.50,'2025-03-08',100016,1),(63,834,0,17.46,0.00,17.46,'2025-03-08',100012,1),(64,489,0,10.24,0.00,10.24,'2025-02-25',100005,1),(65,289,191,6.05,4.00,6.05,'2025-03-09',100005,1),(66,480,0,10.05,0.00,10.05,'2023-02-21',100013,1),(67,10,470,0.42,19.68,0.42,'2025-03-09',100013,2),(68,480,0,20.10,0.00,20.10,'2025-03-09',100012,2),(69,233,247,9.76,10.34,9.76,'2025-03-09',100015,2),(70,480,0,10.05,0.00,10.05,'2025-03-10',100005,1),(71,1,479,0.50,239.50,0.50,'2025-03-10',100001,2),(72,480,0,20.10,0.00,20.10,'2025-03-10',100015,2),(73,155,325,6.49,13.61,6.49,'2025-03-10',100016,2),(74,79,401,1.65,8.40,1.65,'2025-03-07',100019,1),(75,128,352,5.36,14.74,5.36,'2025-03-10',100019,2),(76,480,0,10.05,0.00,10.05,'2025-03-11',100005,1),(77,480,0,20.10,0.00,20.10,'2025-03-11',100015,2),(78,663,0,27.76,0.00,27.76,'2025-03-10',100012,2),(79,480,0,20.10,0.00,20.10,'2023-02-21',100012,2),(80,241,239,15.14,15.01,15.14,'2025-03-11',100016,3),(81,480,0,20.10,0.00,20.10,'2023-02-21',100014,2),(82,259,221,10.85,9.25,10.85,'2025-03-11',100014,2),(83,458,22,19.18,0.92,19.18,'2025-03-11',100012,2),(84,266,214,5.57,4.48,5.57,'2025-03-12',100005,1),(85,364,116,15.24,4.86,15.24,'2025-03-12',100014,2),(86,277,203,11.60,8.50,11.60,'2025-03-11',100019,2),(87,316,164,26.47,13.74,12.73,'2024-07-08',100019,4),(88,222,258,9.30,10.80,9.30,'2025-03-12',100019,2),(89,139,341,5.82,14.28,5.82,'2025-03-12',100016,2),(90,375,105,15.70,4.40,15.70,'2025-03-13',100019,2),(91,480,0,10.05,0.00,10.05,'2025-03-13',100005,1),(92,418,62,17.50,2.60,17.50,'2025-03-12',100012,2),(93,392,88,16.42,3.68,16.42,'2025-03-13',100012,2),(94,159,321,6.66,13.44,6.66,'2025-03-14',100019,2),(95,480,0,10.05,0.00,10.05,'2025-03-15',100005,1),(96,437,43,18.30,1.80,18.30,'2025-03-15',100012,2),(97,480,0,20.10,0.00,20.10,'2025-03-15',100019,2),(98,372,108,15.58,4.52,15.58,'2025-03-16',100019,2),(99,399,81,16.71,3.39,16.71,'2025-03-16',100012,2),(100,480,0,10.05,0.00,10.05,'2025-03-17',100005,1),(101,145,335,3.04,7.01,3.04,'2025-03-16',100017,1),(102,1,479,0.02,10.03,0.02,'2025-03-08',100011,1),(103,480,0,20.10,0.00,20.10,'2025-03-17',100019,2),(104,480,0,20.10,0.00,20.10,'2025-03-17',100012,2),(105,227,253,9.51,10.59,9.51,'2025-03-17',100011,2),(106,480,0,10.05,0.00,10.05,'2025-03-18',100005,1),(107,378,102,15.83,4.27,15.83,'2025-03-18',100019,2),(108,434,46,9.09,0.96,9.09,'2025-03-19',100005,1),(109,101,379,4.23,15.87,4.23,'2025-03-18',100011,2),(110,480,0,20.10,0.00,20.10,'2025-03-19',100019,2),(111,210,270,8.79,11.31,8.79,'2025-03-19',100011,2),(112,317,163,6.64,3.41,6.64,'2025-03-17',100017,1),(113,480,0,10.05,0.00,10.05,'2024-10-11',100017,1),(114,256,224,10.72,9.38,10.72,'2025-03-20',100011,2),(115,480,0,10.05,0.00,10.05,'2025-03-20',100005,1),(116,475,5,19.89,0.21,19.89,'2025-03-20',100019,2),(117,480,0,20.10,0.00,20.10,'2024-10-11',100015,2),(118,480,0,20.10,0.00,20.10,'2025-03-20',100015,2),(119,738,0,30.90,0.00,30.90,'2025-03-18',100012,2),(120,224,256,9.38,10.72,9.38,'2025-03-20',100012,2),(121,480,0,10.05,0.00,10.05,'2025-03-21',100005,1),(122,480,0,30.15,0.00,30.15,'2025-03-21',100015,3),(123,480,0,20.10,0.00,20.10,'2025-03-21',100019,2),(124,480,0,10.05,0.00,10.05,'2025-03-21',100022,1),(125,145,335,3.04,7.01,3.04,'2025-03-21',100007,1),(126,103,377,4.31,15.79,4.31,'2025-03-21',100018,2),(127,217,263,4.54,5.51,4.54,'2025-03-20',100017,1),(128,240,240,10.05,10.05,10.05,'2025-03-22',100019,2),(129,480,0,20.10,0.00,20.10,'2025-03-22',100007,2),(130,480,0,30.15,0.00,30.15,'2025-03-22',100015,3),(131,480,0,30.15,0.00,30.15,'2025-03-22',100018,3),(132,348,132,7.29,2.76,7.29,'2025-03-22',100005,1),(133,242,238,5.07,4.98,5.07,'2025-03-23',100005,1),(134,480,0,20.10,0.00,20.10,'2025-03-23',100007,2),(135,50,430,4.19,36.01,4.19,'2025-03-22',100014,4),(136,29,451,2.43,37.77,2.43,'2025-03-23',100014,4),(137,105,375,4.40,15.70,4.40,'2025-03-23',100024,2),(138,74,406,6.20,34.00,6.20,'2025-03-23',100015,4),(139,106,374,4.44,15.66,4.44,'2025-03-21',100017,2),(140,21,459,1.32,28.83,1.32,'2025-03-23',100017,3),(141,71,409,2.97,17.13,2.97,'2025-03-23',100019,2),(142,480,0,10.05,0.00,10.05,'2025-03-24',100005,1),(143,12,468,0.74,29.41,0.74,'2025-03-23',100018,3),(144,480,0,30.15,0.00,30.15,'2025-03-24',100018,3),(145,480,0,20.10,0.00,20.10,'2025-03-24',100022,2),(146,480,0,20.10,0.00,20.10,'2025-03-24',100019,2),(147,254,226,15.95,14.20,15.95,'2025-03-21',100011,3),(148,75,405,6.28,33.92,6.28,'2025-03-24',100011,4),(149,35,445,2.93,37.27,2.93,'2025-03-24',100015,4),(150,480,0,10.05,0.00,10.05,'2025-03-25',100005,1),(151,480,0,40.20,0.00,40.20,'2025-03-25',100015,4),(152,258,222,16.21,13.94,16.21,'2025-03-22',100012,3),(153,449,31,28.21,1.94,28.21,'2025-03-23',100012,3),(154,356,124,29.82,10.38,29.82,'2025-03-25',100012,4),(155,300,180,12.56,7.54,12.56,'2025-03-24',100024,2),(156,480,0,20.10,0.00,20.10,'2025-03-25',100022,2),(157,480,0,20.10,0.00,20.10,'2025-03-25',100019,2),(158,738,0,46.36,0.00,46.36,'2025-03-25',100018,3),(159,694,0,58.14,0.00,58.14,'2025-03-25',100011,4),(160,408,72,34.17,6.03,34.17,'2025-03-26',100011,4),(161,52,428,2.18,17.92,2.18,'2025-03-24',100007,2),(162,-511,991,-42.80,83.00,42.80,'2025-03-26',100016,4),(163,480,0,30.15,0.00,30.15,'2025-03-26',100018,3),(164,480,0,40.20,0.00,40.20,'2025-03-26',100015,4),(165,480,0,20.10,0.00,20.10,'2025-03-26',100007,2),(166,480,0,20.10,0.00,20.10,'2025-03-26',100022,2),(167,285,195,11.93,8.17,11.93,'2025-03-25',100024,2),(168,277,203,11.60,8.50,11.60,'2025-03-26',100019,2),(169,440,40,36.86,3.34,36.86,'2025-03-26',100012,4),(170,480,0,40.20,0.00,40.20,'2025-03-27',100012,4),(171,122,358,2.55,7.50,2.55,'2025-03-26',100005,1),(172,480,0,10.05,0.00,10.05,'2025-03-27',100005,1),(173,480,0,40.20,0.00,40.20,'2025-03-27',100011,4),(174,237,243,19.85,20.35,19.85,'2025-03-27',100016,4),(175,474,6,39.70,0.50,39.70,'2025-03-27',100015,4),(176,435,45,27.32,2.83,27.32,'2025-03-27',100018,3),(177,284,196,11.89,8.21,11.89,'2025-03-26',100024,2),(178,274,206,11.47,8.63,11.47,'2025-03-27',100024,2),(179,480,0,20.10,0.00,20.10,'2025-03-27',100022,2),(180,265,215,11.10,9.00,11.10,'2025-03-27',100007,2),(181,408,72,34.17,6.03,34.17,'2025-03-27',100019,4),(182,281,199,23.53,16.67,23.53,'2025-03-28',100019,4),(183,480,0,20.10,0.00,20.10,'2025-03-28',100022,2),(184,480,0,40.20,0.00,40.20,'2025-03-28',100015,4),(185,474,6,39.70,0.50,39.70,'2025-03-28',100011,4),(186,349,131,14.61,5.49,14.61,'2025-03-28',100024,2),(187,614,0,51.44,0.00,51.44,'2025-03-28',100012,4),(188,480,0,10.05,0.00,10.05,'2025-03-29',100005,1),(189,480,0,50.25,0.00,50.25,'2025-03-29',100011,5),(190,480,0,60.30,0.00,60.30,'2025-03-29',100015,6),(191,480,0,40.20,0.00,40.20,'2025-03-29',100022,4),(192,480,0,50.25,0.00,50.25,'2025-03-29',100012,5),(193,192,288,12.06,18.09,12.06,'2025-03-29',100007,3),(194,270,210,33.92,26.38,33.92,'2025-03-29',100019,6),(195,359,121,45.10,15.20,45.10,'2025-03-30',100019,6),(196,8,472,1.02,59.28,1.02,'2025-03-30',100011,6),(197,480,0,60.30,0.00,60.30,'2025-03-30',100015,6),(198,480,0,40.20,0.00,40.20,'2025-03-30',100007,4),(199,480,0,40.20,0.00,40.20,'2025-03-30',100022,4),(200,306,174,19.22,10.93,19.22,'2025-03-30',100024,3),(201,367,113,46.10,14.20,46.10,'2025-03-30',100012,6),(202,360,120,45.22,15.08,45.22,'2025-03-31',100019,6),(203,480,0,10.05,0.00,10.05,'2025-03-31',100005,1),(204,480,0,60.30,0.00,60.30,'2025-03-31',100011,6),(205,480,0,40.20,0.00,40.20,'2025-03-31',100022,4),(206,529,0,33.23,0.00,33.23,'2025-03-30',100017,3),(207,429,51,44.92,5.33,44.92,'2025-03-31',100017,5),(208,480,0,60.30,0.00,60.30,'2025-03-31',100015,6),(209,431,49,54.15,6.15,54.15,'2025-03-31',100012,6),(210,251,229,21.02,19.18,21.02,'2025-03-31',100007,4),(211,447,33,56.15,4.15,56.15,'2025-04-01',100019,6),(212,480,0,40.20,0.00,40.20,'2025-04-01',100011,4),(213,480,0,10.05,0.00,10.05,'2025-04-01',100005,1),(214,480,0,40.20,0.00,40.20,'2025-04-01',100022,4),(215,362,118,37.91,12.34,37.91,'2025-04-01',100017,5),(216,196,284,12.31,17.84,12.31,'2025-04-01',100024,3),(217,122,358,10.22,29.98,10.22,'2025-04-01',100007,4),(218,107,373,8.96,31.24,8.96,'2025-04-01',100015,4),(219,811,0,67.94,0.00,67.94,'2025-04-01',100012,4),(220,480,0,60.30,0.00,60.30,'2025-04-02',100019,6),(221,480,0,10.05,0.00,10.05,'2025-04-02',100005,1),(222,480,0,40.20,0.00,40.20,'2025-04-02',100011,4),(223,480,0,40.20,0.00,40.20,'2025-04-02',100007,4),(224,480,0,40.20,0.00,40.20,'2025-04-02',100022,4),(225,802,0,67.18,0.00,67.18,'2025-04-02',100012,4),(226,196,284,24.62,35.68,24.62,'2025-04-03',100019,6),(227,405,75,8.48,1.57,8.48,'2025-04-03',100005,1),(228,64,416,4.02,26.13,4.02,'2025-04-02',100024,3),(229,478,2,20.02,0.08,20.10,'2025-04-03',100024,2),(230,480,0,40.20,0.00,40.20,'2025-04-03',100011,4),(231,419,61,35.09,5.11,35.09,'2025-04-03',100022,4),(232,166,314,13.90,26.30,13.90,'2025-04-03',100007,4),(233,272,208,22.79,17.41,22.79,'2025-04-03',100012,4),(234,480,0,10.05,0.00,10.05,'2025-04-04',100005,1),(235,480,0,40.20,0.00,40.20,'2025-04-04',100007,4),(236,480,0,40.20,0.00,40.20,'2025-04-04',100011,4),(237,480,0,40.20,0.00,40.20,'2025-04-04',100022,4),(238,92,388,11.56,48.74,11.56,'2025-04-04',100019,6),(239,811,0,67.94,0.00,67.94,'2025-04-04',100012,4),(240,459,21,38.44,1.76,38.44,'2025-04-05',100019,4),(241,480,0,20.10,0.00,20.10,'2025-04-05',100005,2),(242,480,0,40.20,0.00,40.20,'2025-04-05',100007,4),(243,480,0,40.20,0.00,40.20,'2025-04-05',100022,4),(244,480,0,20.10,0.00,20.10,'2025-04-05',100017,2),(245,391,89,32.75,7.45,32.75,'2025-04-05',100011,4),(246,811,0,67.96,0.00,67.96,'2025-04-05',100012,4),(247,304,176,12.73,7.37,20.10,'2025-04-06',100019,2),(248,446,34,18.68,1.42,20.10,'2025-04-06',100011,2),(249,288,192,12.06,8.04,20.10,'2025-04-06',100007,2),(250,293,187,12.27,7.83,20.10,'2025-04-07',100019,2),(251,480,0,20.10,0.00,20.10,'2025-04-07',100011,2),(252,167,313,62.94,117.96,180.90,'2025-04-07',100028,18),(253,569,0,23.84,0.00,23.84,'2025-04-06',100012,2),(254,84,396,3.52,16.58,20.10,'2025-04-07',100012,2),(255,480,0,20.10,0.00,20.10,'2025-04-07',100007,2),(256,480,0,20.10,0.00,20.10,'2025-04-07',100017,2),(257,174,306,7.29,12.81,20.10,'2025-04-08',100011,2),(258,51,429,1.07,8.98,10.05,'2025-04-08',100029,1),(259,477,3,19.97,0.13,20.10,'2025-04-08',100019,2),(260,20,460,0.42,9.63,10.05,'2025-04-08',100010,1),(261,238,242,9.97,10.13,20.10,'2025-04-08',100007,2),(262,180,300,7.54,12.56,20.10,'2025-04-09',100011,2),(263,214,266,8.96,11.14,20.10,'2025-04-09',100019,2),(264,227,253,9.51,10.59,20.10,'2025-04-06',100015,2),(265,394,86,16.50,3.60,20.10,'2023-02-21',100024,2),(266,93,387,3.90,16.20,20.10,'2023-02-22',100024,2),(267,437,43,18.30,1.80,20.10,'2025-04-08',100012,2),(268,101,379,4.23,15.87,20.10,'2025-04-09',100012,2),(269,4,476,0.08,9.97,10.05,'2025-04-10',100029,1),(270,480,0,20.10,0.00,20.10,'2025-04-10',100019,2),(271,427,53,17.88,2.22,15.66,'2023-02-21',100011,2),(272,78,402,3.27,16.83,20.10,'2025-04-09',100015,2),(273,299,181,12.52,7.58,20.10,'2025-04-10',100015,2),(274,-486,966,-20.35,40.45,20.10,'2025-04-10',100012,2),(275,480,0,20.10,0.00,20.10,'2025-04-10',100022,2),(276,345,135,14.45,5.65,20.10,'2025-04-10',100017,2),(277,417,63,17.46,2.64,14.82,'2025-04-10',100007,2),(278,234,246,9.80,10.30,20.10,'2025-04-10',100011,2),(279,480,0,20.10,0.00,20.10,'2025-04-11',100011,2),(280,480,0,30.15,0.00,30.15,'2025-04-11',100022,3),(281,480,0,20.10,0.00,20.10,'2025-04-11',100017,2),(282,204,276,8.54,11.56,20.10,'2025-04-09',100024,2),(283,67,413,4.21,25.94,30.15,'2025-04-11',100024,3),(284,161,319,10.11,20.04,9.92,'2025-04-11',100015,3),(285,236,244,9.88,10.22,20.10,'2025-04-11',100019,2),(286,685,0,28.69,0.00,28.69,'2025-04-07',100005,2),(287,480,0,20.10,0.00,20.10,'2025-04-12',100005,2),(288,347,133,29.06,11.14,40.20,'2025-04-12',100011,4),(289,480,0,40.20,0.00,40.20,'2025-04-12',100022,4),(290,468,12,39.20,1.01,40.20,'2025-04-12',100019,4),(291,480,0,40.20,0.00,40.20,'2025-04-13',100011,4),(292,463,17,38.78,1.42,40.20,'2025-04-13',100022,4),(293,223,257,9.34,10.76,1.42,'2025-04-13',100029,2),(294,147,333,12.31,27.89,15.58,'2025-04-13',100019,4),(295,480,0,20.10,0.00,20.10,'2025-04-14',100005,2),(296,480,0,40.20,0.00,40.20,'2025-04-14',100011,4),(297,1252,0,52.43,0.00,52.43,'2025-04-14',100017,2),(298,480,0,40.20,0.00,40.20,'2025-04-15',100014,4),(299,480,0,20.10,0.00,20.10,'2025-04-15',100005,2),(300,263,217,27.53,22.72,4.82,'2025-04-14',100022,5),(301,263,217,22.03,18.17,3.85,'2025-04-15',100019,4),(302,480,0,20.10,0.00,20.10,'2025-04-16',100005,2),(303,519,0,43.47,0.00,43.47,'2025-04-15',100022,4),(304,15,465,1.26,38.94,37.69,'2025-04-16',100011,4),(305,316,164,26.47,13.74,12.73,'2025-04-13',100024,4),(306,13,467,1.09,39.11,38.02,'2025-04-16',100024,4),(307,130,350,10.89,29.31,18.42,'2025-04-16',100019,4),(308,480,0,20.10,0.00,20.10,'2025-04-17',100005,2),(309,480,0,40.20,0.00,40.20,'2025-04-17',100011,4),(310,718,0,60.13,0.00,60.13,'2025-04-16',100014,4),(311,461,19,38.61,1.59,37.02,'2025-04-17',100019,4),(312,632,0,52.93,0.00,52.93,'2025-04-16',100022,4),(313,480,0,40.20,0.00,40.20,'2025-04-17',100014,4),(314,480,0,40.20,0.00,40.20,'2025-04-17',100022,4),(315,75,405,4.71,25.44,20.73,'2025-04-11',100016,3),(316,197,283,16.50,23.70,7.20,'2025-04-17',100016,4),(317,53,427,4.44,35.76,31.32,'2025-04-17',100015,4),(318,44,436,3.69,36.52,32.83,'2025-04-17',100024,4),(319,480,0,40.20,0.00,40.20,'2025-04-18',100011,4),(320,480,0,40.20,0.00,40.20,'2025-04-18',100014,4),(321,480,0,20.10,0.00,20.10,'2025-04-18',100005,2),(322,480,0,40.20,0.00,40.20,'2025-04-18',100022,4),(323,283,197,23.70,16.50,7.20,'2025-04-18',100024,4),(324,223,257,18.68,21.52,2.85,'2025-04-18',100019,4),(325,25,455,1.05,19.05,18.00,'2025-04-18',100016,2),(326,79,401,3.31,16.79,13.48,'2025-04-18',100029,2),(327,130,350,8.17,21.98,13.82,'2025-04-19',100019,3),(328,480,0,30.15,0.00,30.15,'2025-04-19',100011,3),(329,480,0,30.15,0.00,30.15,'2025-04-19',100014,3),(330,480,0,30.15,0.00,30.15,'2025-04-19',100022,3),(331,480,0,20.10,0.00,20.10,'2025-04-19',100005,2),(332,220,260,13.82,16.33,2.51,'2025-04-19',100015,3),(333,173,307,10.87,19.28,8.42,'2025-04-19',100024,3),(334,480,0,20.10,0.00,20.10,'2025-04-19',100029,2),(335,385,95,16.12,3.98,12.14,'2025-04-20',100019,2),(336,297,183,12.44,7.66,4.77,'2025-04-20',100005,2),(337,480,0,20.10,0.00,20.10,'2025-04-20',100011,2),(338,480,0,20.10,0.00,20.10,'2025-04-20',100014,2),(339,460,20,19.26,0.84,18.43,'2025-04-20',100022,2),(340,248,232,10.39,9.72,0.67,'2025-04-20',100024,2),(341,480,0,20.10,0.00,20.10,'2025-04-21',100005,2),(342,847,0,35.47,0.00,35.47,'2025-04-20',100029,2),(343,480,0,20.10,0.00,20.10,'2025-04-21',100011,2),(344,236,244,9.88,10.22,0.34,'2025-04-21',100019,2),(345,480,0,20.10,0.00,20.10,'2025-04-21',100022,2),(346,130,350,5.44,14.66,9.21,'2025-04-21',100014,2),(347,168,312,3.52,6.53,3.02,'2025-04-21',100007,1),(348,740,0,30.99,0.00,30.99,'2025-04-21',100029,2),(349,442,38,18.51,1.59,16.92,'2025-04-22',100011,2),(350,480,0,30.15,0.00,30.15,'2025-04-22',100014,3),(351,2,478,0.08,20.02,19.93,'2025-04-22',100022,2),(352,197,283,12.37,17.78,5.40,'2025-04-22',100019,3),(353,228,252,9.55,10.55,1.00,'2025-04-21',100024,2),(354,81,399,3.39,16.71,13.32,'2025-04-20',100015,2),(355,87,393,5.46,24.69,19.22,'2025-04-22',100015,3),(356,158,322,6.62,13.48,6.87,'2025-04-22',100005,2),(357,480,0,30.15,0.00,30.15,'2025-04-23',100011,3),(358,329,151,13.78,6.32,7.45,'2025-04-23',100005,2),(359,480,0,30.15,0.00,30.15,'2025-04-23',100014,3),(360,194,286,12.19,17.96,5.78,'2025-04-23',100019,3),(361,273,207,17.15,13.00,4.15,'2025-04-24',100019,3),(362,425,55,26.70,3.45,23.24,'2025-04-24',100011,3),(363,480,0,20.10,0.00,20.10,'2025-04-24',100005,2),(364,480,0,30.15,0.00,30.15,'2025-04-24',100014,3),(365,232,248,14.57,15.58,1.01,'2025-04-22',100024,3),(366,480,0,30.15,0.00,30.15,'2025-04-25',100011,3),(367,409,71,17.13,2.97,14.15,'2025-04-25',100005,2),(368,480,0,30.15,0.00,30.15,'2025-04-25',100014,3),(369,417,63,26.19,3.96,22.24,'2025-04-25',100019,3),(370,302,178,18.97,11.18,7.79,'2025-04-24',100024,3),(371,156,324,9.80,20.35,10.55,'2025-04-25',100024,3),(372,400,80,16.75,3.35,13.40,'2025-04-26',100005,2),(373,480,0,30.15,0.00,30.15,'2025-04-26',100011,3),(374,480,0,30.15,0.00,30.15,'2025-04-26',100014,3),(375,268,212,16.83,13.32,3.52,'2025-04-24',100015,3),(376,480,0,30.15,0.00,30.15,'2025-04-26',100015,3),(377,171,309,10.74,19.41,8.67,'2025-04-26',100019,3),(378,547,0,34.36,0.00,34.36,'2025-04-23',100016,3),(379,87,393,1.82,8.23,6.41,'2025-04-26',100016,1),(380,130,350,8.17,21.98,13.82,'2025-04-27',100011,3),(381,480,0,30.15,0.00,30.15,'2025-04-27',100014,3),(382,276,204,17.34,12.81,4.52,'2025-04-26',100024,3),(383,169,311,10.62,19.53,8.92,'2025-04-27',100015,3),(384,480,0,20.10,0.00,20.10,'2025-04-28',100005,2),(385,480,0,30.15,0.00,30.15,'2025-04-28',100011,3),(386,312,168,19.60,10.55,9.04,'2025-04-27',100024,3),(387,480,0,50.25,0.00,50.25,'2025-04-29',100011,5),(388,231,249,4.84,5.21,0.38,'2025-04-28',100014,1),(389,400,80,25.12,5.02,20.10,'2025-04-29',100014,3),(390,480,0,50.25,0.00,50.25,'2025-04-29',100015,5),(391,480,0,30.15,0.00,30.15,'2025-04-29',100005,3),(392,95,385,5.97,24.18,18.22,'2025-04-28',100024,3),(393,120,360,5.03,15.08,10.05,'2025-04-29',100016,2),(394,149,331,15.60,34.65,19.05,'2025-04-29',100024,5),(395,399,81,25.06,5.09,19.97,'2025-04-30',100005,3),(396,480,0,50.25,0.00,50.25,'2025-04-30',100011,5),(397,480,0,30.15,0.00,30.15,'2025-04-30',100014,3),(398,140,340,14.66,35.59,20.94,'2025-04-30',100024,5),(399,476,4,29.90,0.25,29.65,'2025-05-01',100005,3),(400,480,0,50.25,0.00,50.25,'2025-05-01',100011,5),(401,452,28,28.39,1.76,26.63,'2025-05-01',100014,3),(402,240,240,25.13,25.13,0.00,'2025-05-01',100024,5),(403,182,298,19.05,31.20,12.14,'2025-05-01',100015,5),(404,480,0,50.25,0.00,50.25,'2025-05-02',100011,5),(405,480,0,40.20,0.00,40.20,'2025-05-02',100014,4),(406,194,286,24.37,35.93,11.56,'2025-05-02',100024,6),(407,1,479,0.06,30.09,30.02,'2025-05-02',100018,3),(408,480,0,60.30,0.00,60.30,'2025-05-03',100011,6),(409,480,0,30.15,0.00,30.15,'2025-05-03',100014,3),(410,451,29,28.33,1.82,26.51,'2025-05-02',100005,3),(411,470,10,39.36,0.84,38.53,'2025-05-03',100005,4),(412,287,193,36.05,24.25,11.81,'2025-05-03',100024,6),(413,480,0,70.35,0.00,70.35,'2025-05-04',100011,7),(414,480,0,40.20,0.00,40.20,'2025-05-04',100014,4),(415,168,312,24.62,45.73,21.10,'2025-05-04',100024,7),(416,480,0,40.20,0.00,40.20,'2025-05-05',100005,4),(417,480,0,70.35,0.00,70.35,'2025-05-05',100011,7),(418,93,387,13.63,56.72,43.09,'2025-05-05',100024,7),(419,480,0,70.35,0.00,70.35,'2025-05-06',100011,7),(420,480,0,40.20,0.00,40.20,'2025-05-06',100014,4),(421,480,0,40.20,0.00,40.20,'2025-05-06',100005,4),(422,91,389,11.43,48.87,37.44,'2025-05-06',100024,6),(423,477,3,39.95,0.25,39.70,'2025-05-07',100014,4),(424,145,335,12.14,28.06,15.91,'2025-05-07',100005,4),(425,480,0,40.20,0.00,40.20,'2025-05-08',100005,4),(426,666,0,97.61,0.00,97.61,'2025-05-07',100011,7),(427,432,48,63.31,7.03,56.28,'2025-05-08',100011,7),(428,480,0,40.20,0.00,40.20,'2025-05-08',100014,4),(429,480,0,40.20,0.00,40.20,'2025-05-09',100005,4),(430,480,0,60.30,0.00,60.30,'2025-05-09',100011,6),(431,303,177,19.03,11.12,7.91,'2025-05-09',100014,3),(432,7,473,0.59,39.61,39.02,'2025-05-09',100016,4),(433,480,0,10.05,0.00,10.05,'2025-05-10',100005,1),(434,231,249,19.35,20.85,1.51,'2025-05-10',100011,4),(435,480,0,20.10,0.00,20.10,'2025-05-10',100014,2),(436,244,236,30.65,29.65,1.00,'2025-05-09',100024,6),(437,480,0,40.20,0.00,40.20,'2025-05-10',100024,4),(438,38,442,3.18,37.02,33.84,'2025-05-10',100007,4),(439,248,232,5.19,4.86,0.33,'2025-05-11',100005,1),(440,480,0,40.20,0.00,40.20,'2025-05-11',100011,4),(441,480,0,20.10,0.00,20.10,'2025-05-11',100014,2),(442,480,0,40.20,0.00,40.20,'2025-05-12',100011,4),(443,480,0,10.05,0.00,10.05,'2025-05-12',100005,1),(444,480,0,20.10,0.00,20.10,'2025-05-12',100014,2),(445,32,448,1.34,18.76,17.42,'2025-05-09',100017,2),(446,721,0,30.19,0.00,30.19,'2025-05-11',100017,2),(447,360,120,15.08,5.03,10.05,'2025-05-12',100017,2),(448,480,0,30.15,0.00,30.15,'2025-05-13',100014,3),(449,480,0,20.10,0.00,20.10,'2025-05-13',100005,2),(450,480,0,30.15,0.00,30.15,'2025-05-14',100014,3),(451,480,0,20.10,0.00,20.10,'2025-05-14',100005,2),(452,262,218,16.46,13.69,2.76,'2025-05-13',100007,3),(453,334,146,27.97,12.23,15.75,'2025-05-02',100015,4),(454,327,153,27.39,12.81,14.57,'2025-05-13',100015,4),(455,480,0,10.05,0.00,10.05,'2025-05-14',100015,1),(456,480,0,30.15,0.00,30.15,'2025-05-14',100017,3),(457,169,311,10.62,19.53,8.92,'2025-05-14',100007,3),(458,480,0,30.15,0.00,30.15,'2025-05-15',100014,3),(459,480,0,20.10,0.00,20.10,'2025-05-15',100005,2),(460,480,0,20.10,0.00,20.10,'2025-05-16',100005,2),(461,480,0,30.15,0.00,30.15,'2024-10-11',100007,3),(462,480,0,30.15,0.00,30.15,'2025-05-16',100014,3),(463,929,0,58.34,0.00,58.34,'2025-05-15',100017,3),(464,480,0,30.15,0.00,30.15,'2025-05-16',100017,3),(465,480,0,20.10,0.00,20.10,'2025-05-17',100005,2),(466,489,0,30.72,0.00,30.72,'2025-05-16',100007,3),(467,480,0,30.15,0.00,30.15,'2025-05-17',100014,3),(468,480,0,30.15,0.00,30.15,'2025-05-17',100007,3),(469,480,0,20.10,0.00,20.10,'2025-05-18',100007,2),(470,316,164,19.85,10.30,9.55,'2025-05-18',100014,3),(471,191,289,16.00,24.20,-8.21,'2023-02-23',100024,4),(472,157,323,16.44,33.81,-17.38,'2025-05-18',100024,5),(473,480,0,20.10,0.00,20.10,'2025-05-19',100005,2),(474,480,0,30.15,0.00,30.15,'2025-05-19',100014,3),(475,224,256,23.45,26.80,-3.35,'2025-05-19',100024,5),(476,480,0,20.10,0.00,20.10,'2025-05-20',100017,2),(477,480,0,20.10,0.00,20.10,'2025-05-20',100014,2),(478,225,255,9.42,10.68,-1.26,'2025-05-20',100005,2),(479,480,0,20.10,0.00,20.10,'2025-05-21',100005,2),(480,480,0,20.10,0.00,20.10,'2025-05-21',100014,2),(481,102,378,4.27,15.83,-11.56,'2025-05-21',100017,2),(482,480,0,10.05,0.00,10.05,'2025-05-22',100014,1),(483,480,0,20.10,0.00,20.10,'2025-05-22',100005,2),(484,376,104,15.75,4.36,11.39,'2025-05-22',100007,2),(485,269,211,5.63,4.42,1.21,'2025-05-22',100017,1),(486,480,0,20.10,0.00,20.10,'2025-05-23',100014,2),(487,480,0,30.15,0.00,30.15,'2025-05-23',100005,3),(488,480,0,10.05,0.00,10.05,'2025-05-23',100017,1),(489,95,385,3.98,16.12,-12.14,'2025-05-23',100030,2),(490,480,0,20.10,0.00,20.10,'2025-05-24',100030,2),(491,480,0,30.15,0.00,30.15,'2025-05-24',100007,3),(492,480,0,30.15,0.00,30.15,'2025-05-24',100005,3),(493,480,0,20.10,0.00,20.10,'2025-05-24',100014,2),(494,134,346,5.61,14.49,-8.88,'2025-05-24',100017,2),(495,480,0,20.10,0.00,20.10,'2025-05-25',100014,2),(496,480,0,20.10,0.00,20.10,'2025-05-25',100030,2),(497,298,182,12.48,7.62,4.86,'2025-05-25',100018,2),(498,3,477,0.13,19.97,-19.85,'2025-05-26',100018,2),(499,86,394,3.60,16.50,-12.90,'2025-05-25',100017,2),(500,480,0,20.10,0.00,20.10,'2025-05-26',100017,2),(501,6,474,0.25,19.85,-19.60,'2025-05-25',100010,2),(502,84,396,3.52,16.58,-13.07,'2024-07-08',100010,2),(503,750,0,31.41,0.00,31.41,'2024-07-09',100010,2),(504,480,0,30.15,0.00,30.15,'2025-05-26',100005,3),(505,437,43,27.45,2.70,24.75,'2025-05-26',100007,3),(506,937,0,39.24,0.00,39.24,'2025-05-26',100030,2),(507,701,0,29.35,0.00,29.35,'2025-05-26',100010,2),(508,480,0,20.10,0.00,20.10,'2025-05-27',100010,2),(509,480,0,20.10,0.00,20.10,'2025-05-27',100014,2),(510,480,0,30.15,0.00,30.15,'2025-05-27',100005,3),(511,195,285,12.25,17.90,-5.65,'2025-05-27',100007,3),(512,480,0,20.10,0.00,20.10,'2025-05-28',100010,2),(513,919,0,38.48,0.00,38.48,'2025-05-27',100030,2),(514,89,391,3.73,16.37,-12.65,'2008-12-31',100030,2),(515,480,0,30.15,0.00,30.15,'2025-05-28',100005,3),(516,477,3,19.97,0.13,19.85,'2025-05-28',100014,2),(517,480,0,20.10,0.00,20.10,'2025-05-28',100030,2),(518,107,373,4.48,15.62,-11.14,'2025-05-29',100017,2),(519,454,26,19.01,1.09,17.92,'2025-05-29',100010,2),(520,480,0,30.15,0.00,30.15,'2025-05-29',100005,3),(521,480,0,20.10,0.00,20.10,'2025-05-29',100014,2),(522,668,0,27.97,0.00,27.97,'2025-05-29',100030,2),(523,480,0,30.15,0.00,30.15,'2025-05-30',100005,3),(524,254,226,15.95,14.20,1.76,'2025-05-30',100007,3),(525,251,229,10.51,9.59,0.92,'2025-05-30',100010,2),(526,480,0,20.10,0.00,20.10,'2025-05-30',100014,2),(527,480,0,10.05,0.00,10.05,'2025-05-30',100017,1),(528,771,0,32.29,0.00,32.29,'2025-05-30',100030,2),(529,480,0,10.05,0.00,10.05,'2025-05-31',100005,1),(530,3,477,0.13,19.97,-19.85,'2025-05-31',100010,2),(531,480,0,10.05,0.00,10.05,'2025-05-31',100014,1),(532,926,0,19.39,0.00,19.39,'2025-05-31',100030,1),(533,480,0,10.05,0.00,10.05,'2025-06-01',100014,1),(534,390,90,16.33,3.77,12.57,'2025-06-01',100015,2),(535,419,61,17.55,2.55,14.99,'2025-06-01',100012,2),(536,480,0,10.05,0.00,10.05,'2025-06-01',100030,1),(537,77,403,3.22,16.88,-13.65,'2025-06-02',100012,2),(538,480,0,10.05,0.00,10.05,'2025-06-02',100014,1),(539,480,0,10.05,0.00,10.05,'2025-06-02',100030,1),(540,480,0,10.05,0.00,10.05,'2025-06-03',100030,1),(541,217,263,4.54,5.51,-0.96,'2023-02-22',100005,1),(542,480,0,10.05,0.00,10.05,'2025-06-03',100005,1),(543,648,0,13.58,0.00,13.58,'2025-06-03',100017,1),(544,480,0,10.05,0.00,10.05,'2025-06-03',100014,1),(545,480,0,20.10,0.00,20.10,'2025-06-03',100012,2),(546,480,0,10.05,0.00,10.05,'2025-06-03',100010,1),(547,233,247,4.88,5.17,-0.29,'2025-05-31',100007,1),(548,9,471,0.19,9.86,-9.67,'2025-06-03',100007,1),(549,-819,1299,-17.15,27.20,-44.35,'2025-06-04',100010,1),(550,480,0,10.05,0.00,10.05,'2025-06-04',100007,1),(551,480,0,10.05,0.00,10.05,'2025-06-04',100005,1),(552,480,0,10.05,0.00,10.05,'2025-06-04',100030,1),(553,-27,507,-1.13,21.23,-22.36,'2025-06-04',100012,2),(554,103,377,4.31,15.79,-11.47,'2025-06-05',100012,2),(555,480,0,10.05,0.00,10.05,'2025-06-05',100007,1),(556,480,0,10.05,0.00,10.05,'2025-06-05',100014,1),(557,480,0,10.05,0.00,10.05,'2025-06-05',100005,1),(558,480,0,10.05,0.00,10.05,'2025-06-05',100030,1),(559,101,379,4.23,15.87,-11.64,'2025-06-05',100018,2),(560,480,0,10.05,0.00,10.05,'2025-06-06',100005,1),(561,480,0,10.05,0.00,10.05,'2025-06-06',100014,1),(562,480,0,10.05,0.00,10.05,'2025-06-06',100007,1),(563,480,0,20.10,0.00,20.10,'2025-06-06',100012,2),(564,948,0,19.85,0.00,19.85,'2025-06-06',100030,1),(565,480,0,10.05,0.00,10.05,'2025-06-07',100005,1),(566,514,0,10.76,0.00,10.76,'2025-06-05',100010,1),(567,435,45,9.11,0.94,8.17,'2025-06-07',100010,1),(568,480,0,10.05,0.00,10.05,'2025-06-07',100014,1),(569,863,0,18.07,0.00,18.07,'2025-06-07',100030,1),(570,466,14,9.76,0.29,9.46,'2025-06-08',100012,1),(571,881,0,18.45,0.00,18.45,'2025-06-08',100030,1),(572,480,0,10.05,0.00,10.05,'2023-02-21',100018,1),(573,-93,573,-3.87,23.97,-27.85,'2025-06-06',100018,2),(574,480,0,10.05,0.00,10.05,'2023-02-22',100018,1),(575,480,0,20.10,0.00,20.10,'2025-06-09',100018,2),(576,162,318,6.78,13.32,-6.53,'2025-06-09',100010,2),(577,11,469,0.46,19.64,-19.18,'2025-06-09',100007,2),(578,376,104,7.87,2.18,5.70,'2025-06-09',100005,1),(579,480,0,10.05,0.00,10.05,'2025-06-09',100014,1),(580,480,0,10.05,0.00,10.05,'2025-06-09',100030,1),(581,480,0,10.05,0.00,10.05,'2025-06-10',100005,1),(582,480,0,10.05,0.00,10.05,'2025-06-10',100018,1),(583,480,0,10.05,0.00,10.05,'2025-06-10',100014,1),(584,-75,555,-1.57,11.62,-13.19,'2025-06-11',100018,1),(585,-639,1119,-40.14,70.29,-110.42,'2025-06-16',100018,3),(586,477,3,19.98,0.12,19.85,'2025-06-11',100010,2),(587,272,208,11.39,8.71,2.68,'2025-06-16',100010,2),(588,794,0,16.62,0.00,16.62,'2023-02-22',100012,1),(589,56,424,3.52,26.63,-23.12,'2025-06-16',100012,3),(590,42,438,2.64,27.51,-24.87,'2025-06-16',100019,3),(591,349,131,21.92,8.23,13.70,'2025-06-17',100019,3),(592,69,411,4.33,25.82,-21.48,'2025-06-17',100012,3),(593,315,165,19.79,10.36,9.42,'2025-06-18',100019,3),(594,480,0,20.10,0.00,20.10,'2025-06-18',100010,2),(595,72,408,4.52,25.63,-21.10,'2025-06-18',100012,3),(596,300,180,18.84,11.31,7.54,'2025-06-19',100019,3),(597,307,173,19.28,10.87,8.42,'2025-06-20',100019,3),(598,253,227,10.59,9.51,1.09,'2025-06-20',100010,2),(599,122,358,7.66,22.49,-14.82,'2025-06-21',100019,3),(600,206,274,8.63,11.47,-2.85,'2025-06-21',100010,2),(601,417,63,26.19,3.96,22.24,'2025-06-22',100019,3),(602,437,43,18.30,1.80,16.50,'2025-06-22',100010,2),(603,241,239,15.14,15.01,0.13,'2025-06-22',100012,3),(604,287,193,18.03,12.12,5.90,'2025-06-23',100019,3),(605,480,0,20.10,0.00,20.10,'2025-06-23',100022,2),(606,480,0,20.10,0.00,20.10,'2025-06-23',100010,2),(607,90,390,3.77,16.33,-12.56,'2025-06-24',100010,2),(608,144,336,9.04,21.10,-12.06,'2025-06-24',100019,3),(609,299,181,18.78,11.37,7.41,'2025-06-25',100019,3),(610,84,396,5.28,24.87,-19.60,'2025-06-25',100012,3),(611,261,219,10.93,9.17,1.76,'2025-06-25',100010,2),(612,602,0,25.21,0.00,25.21,'2025-06-24',100022,2),(613,480,0,20.10,0.00,20.10,'2025-06-25',100022,2),(614,101,379,6.34,23.81,-17.46,'2025-06-26',100019,3),(615,13,467,0.82,29.33,-28.52,'2025-06-26',100012,3),(616,480,0,20.10,0.00,20.10,'2025-06-26',100022,2),(617,511,0,21.40,0.00,21.40,'2025-06-11',100007,2),(618,114,366,4.77,15.33,-10.55,'2025-06-26',100007,2),(619,120,360,5.03,15.08,-10.05,'2025-06-26',100010,2),(620,-435,915,-18.22,38.32,-56.53,'2025-06-27',100010,2),(621,480,0,20.10,0.00,20.10,'2025-06-27',100007,2),(622,394,86,16.50,3.60,12.90,'2025-06-27',100022,2),(623,38,442,2.39,27.76,-25.38,'2025-06-27',100012,3),(624,433,47,27.20,2.95,24.25,'2025-06-27',100019,3),(625,292,188,18.34,11.81,6.53,'2025-06-28',100019,3),(626,-1,481,-0.06,30.21,-30.28,'2025-06-28',100012,3),(627,317,163,13.27,6.83,6.45,'2025-06-28',100022,2),(628,366,114,15.33,4.77,10.55,'2025-06-29',100019,2),(629,387,93,16.21,3.89,12.31,'2025-06-29',100012,2),(630,345,135,14.45,5.65,8.79,'2025-06-30',100019,2),(631,-10,490,-0.42,20.52,-20.93,'2025-06-30',100012,2),(632,236,244,9.88,10.22,-0.33,'2025-06-30',100010,2),(633,61,419,2.55,17.55,-14.99,'2025-07-01',100012,2),(634,318,162,13.32,6.78,6.53,'2025-07-01',100019,2),(635,480,0,20.10,0.00,20.10,'2025-07-02',100007,2),(636,480,0,20.10,0.00,20.10,'2025-07-02',100012,2),(637,480,0,20.10,0.00,20.10,'2025-07-03',100022,2),(638,68,412,2.85,17.25,-14.41,'2025-07-03',100012,2),(639,2,478,0.08,20.02,-19.93,'2025-07-03',100014,2),(640,8,472,0.17,9.88,-9.72,'2025-07-03',100001,1),(641,-192,672,-8.04,28.14,-36.18,'2025-07-04',100012,2),(642,480,0,20.10,0.00,20.10,'2025-07-04',100015,2),(643,110,370,4.61,15.49,-10.89,'2025-07-04',100010,2),(644,480,0,20.10,0.00,20.10,'2025-07-04',100022,2),(645,202,278,8.46,11.64,-3.18,'2025-07-05',100010,2),(646,288,192,12.06,8.04,4.02,'2025-07-05',100012,2),(647,480,0,20.10,0.00,20.10,'2025-07-05',100022,2),(648,145,335,6.07,14.03,-7.96,'2025-07-05',100015,2),(649,480,0,20.10,0.00,20.10,'2025-07-06',100010,2),(650,480,0,20.10,0.00,20.10,'2025-07-06',100022,2),(651,469,11,19.64,0.46,19.18,'2025-07-06',100015,2),(652,461,19,19.30,0.80,18.51,'2025-07-06',100012,2),(653,234,246,9.80,10.30,-0.50,'2025-07-06',100007,2),(654,19,461,0.80,19.30,-18.51,'2025-07-07',100012,2),(655,480,0,20.10,0.00,20.10,'2025-07-07',100010,2),(656,106,374,4.44,15.66,-11.22,'2025-07-07',100015,2),(657,226,254,9.46,10.64,-1.17,'2025-07-08',100010,2),(658,45,435,1.88,18.22,-16.33,'2025-07-08',100012,2),(659,480,0,20.10,0.00,20.10,'2025-07-09',100010,2),(660,480,0,20.10,0.00,20.10,'2025-07-09',100012,2),(661,480,0,20.10,0.00,20.10,'2025-07-10',100015,2),(662,214,266,8.96,11.14,-2.18,'2025-07-10',100022,2),(663,51,429,2.14,17.96,-15.83,'2025-07-10',100010,2),(664,316,164,13.23,6.87,6.37,'2025-07-11',100010,2),(665,48,432,2.01,18.09,-16.08,'2025-07-11',100012,2),(666,1,479,0.04,20.06,-20.02,'2025-07-11',100015,2),(667,5,475,0.10,9.95,-9.84,'2025-07-13',100003,1),(668,2,478,0.08,20.02,-19.93,'2025-07-13',100022,2);
/*!40000 ALTER TABLE `DisplayEarning` ENABLE KEYS */;
UNLOCK TABLES;

--
-- Table structure for table `DisplayType`
--

DROP TABLE IF EXISTS `DisplayType`;
/*!40101 SET @saved_cs_client     = @@character_set_client */;
/*!50503 SET character_set_client = utf8mb4 */;
CREATE TABLE `DisplayType` (
  `display_type_id` int NOT NULL AUTO_INCREMENT,
  `display_type` varchar(50) NOT NULL,
  `display_location_type` enum('Main Area','Gully') DEFAULT NULL,
  `display_city` varchar(100) DEFAULT NULL,
  `display_charge` decimal(10,2) DEFAULT NULL,
  `client_charge` decimal(10,2) NOT NULL,
  `min` int NOT NULL,
  `fine` decimal(10,2) DEFAULT NULL,
  PRIMARY KEY (`display_type_id`)
) ENGINE=InnoDB AUTO_INCREMENT=4 DEFAULT CHARSET=utf8mb4 COLLATE=utf8mb4_0900_ai_ci;
/*!40101 SET character_set_client = @saved_cs_client */;

--
-- Dumping data for table `DisplayType`
--

LOCK TABLES `DisplayType` WRITE;
/*!40000 ALTER TABLE `DisplayType` DISABLE KEYS */;
INSERT INTO `DisplayType` VALUES (1,'Inner',NULL,'',33.50,30.00,0,NULL),(2,'Outer',NULL,'',33.50,30.00,0,NULL),(3,'Standee',NULL,'',33.50,30.00,0,NULL);
/*!40000 ALTER TABLE `DisplayType` ENABLE KEYS */;
UNLOCK TABLES;

--
-- Table structure for table `Invoice`
--

DROP TABLE IF EXISTS `Invoice`;
/*!40101 SET @saved_cs_client     = @@character_set_client */;
/*!50503 SET character_set_client = utf8mb4 */;
CREATE TABLE `Invoice` (
  `invoice_id` int NOT NULL AUTO_INCREMENT,
  `ads_id` int DEFAULT NULL,
  `date` timestamp NULL DEFAULT CURRENT_TIMESTAMP,
  `ad_amt` decimal(10,4) DEFAULT NULL,
  `discount` decimal(10,4) DEFAULT NULL,
  `gst` decimal(10,4) DEFAULT NULL,
  `total_charge` decimal(10,4) DEFAULT NULL,
  PRIMARY KEY (`invoice_id`),
  UNIQUE KEY `ads_id` (`ads_id`),
  CONSTRAINT `fk_invoice_ads_id` FOREIGN KEY (`ads_id`) REFERENCES `Advertisement` (`ads_id`) ON DELETE SET NULL,
  CONSTRAINT `Invoice_ibfk_1` FOREIGN KEY (`ads_id`) REFERENCES `Advertisement` (`ads_id`) ON DELETE SET NULL
) ENGINE=InnoDB AUTO_INCREMENT=216 DEFAULT CHARSET=utf8mb4 COLLATE=utf8mb4_0900_ai_ci;
/*!40101 SET character_set_client = @saved_cs_client */;

--
-- Dumping data for table `Invoice`
--

LOCK TABLES `Invoice` WRITE;
/*!40000 ALTER TABLE `Invoice` DISABLE KEYS */;
INSERT INTO `Invoice` VALUES (13,NULL,'2025-02-01 10:57:13',2400.0000,NULL,NULL,2400.0000),(14,100005,'2025-02-01 11:19:22',8400.0000,NULL,NULL,8400.0000),(15,100006,'2025-02-01 11:22:57',6000.0000,NULL,NULL,6000.0000),(16,100007,'2025-02-01 11:28:51',1500.0000,NULL,NULL,1500.0000),(17,100008,'2025-02-01 16:33:29',11200.0000,NULL,NULL,11200.0000),(18,100009,'2025-02-01 18:25:15',1600.0000,NULL,NULL,1600.0000),(19,100011,'2025-02-02 03:31:05',900.0000,NULL,NULL,900.0000),(20,100012,'2025-02-02 03:32:48',900.0000,NULL,NULL,900.0000),(21,100013,'2025-02-03 16:46:23',800.0000,NULL,NULL,800.0000),(22,100014,'2025-02-03 16:47:52',800.0000,NULL,NULL,800.0000),(23,100015,'2025-02-03 16:48:56',800.0000,NULL,NULL,800.0000),(24,100016,'2025-02-03 16:50:35',800.0000,NULL,NULL,800.0000),(26,100018,'2025-02-04 19:08:56',200.0000,NULL,NULL,200.0000),(27,100019,'2025-02-04 19:10:33',400.0000,NULL,NULL,400.0000),(28,100020,'2025-02-04 19:12:45',200.0000,NULL,NULL,200.0000),(29,100021,'2025-02-04 19:14:25',400.0000,NULL,NULL,400.0000),(30,100022,'2025-02-04 19:16:11',400.0000,NULL,NULL,400.0000),(31,100023,'2025-02-04 19:17:54',3200.0000,NULL,NULL,3200.0000),(32,100024,'2025-02-04 19:19:10',3200.0000,NULL,NULL,3200.0000),(33,NULL,'2025-02-07 04:42:54',600.0000,NULL,NULL,600.0000),(34,100026,'2025-02-07 11:18:20',600.0000,NULL,NULL,600.0000),(35,100027,'2025-02-07 11:24:29',10200.0000,NULL,NULL,10200.0000),(36,100028,'2025-02-07 11:25:10',100.0000,NULL,NULL,100.0000),(37,100029,'2025-02-07 11:30:59',0.0000,NULL,NULL,0.0000),(38,100030,'2025-02-07 11:32:20',600.0000,NULL,NULL,600.0000),(39,100031,'2025-02-07 11:35:05',600.0000,NULL,NULL,600.0000),(40,100032,'2025-02-07 11:39:17',600.0000,NULL,NULL,600.0000),(41,100033,'2025-02-07 11:52:14',1200.0000,NULL,NULL,1200.0000),(42,100036,'2025-02-07 13:12:32',1200.0000,NULL,NULL,1200.0000),(43,100037,'2025-02-07 13:32:49',600.0000,NULL,NULL,600.0000),(44,100038,'2025-02-07 14:03:58',600.0000,NULL,NULL,600.0000),(45,100039,'2025-02-07 14:52:23',600.0000,NULL,NULL,600.0000),(46,100040,'2025-02-07 14:57:21',600.0000,NULL,NULL,600.0000),(47,100041,'2025-02-08 08:09:09',600.0000,NULL,NULL,600.0000),(48,100042,'2025-02-08 08:26:59',1600.0000,NULL,NULL,1600.0000),(49,100043,'2025-02-08 09:18:20',5600.0000,NULL,NULL,5600.0000),(50,100044,'2025-02-08 10:23:24',600.0000,NULL,NULL,600.0000),(51,100045,'2025-02-08 10:56:20',5600.0000,NULL,NULL,5600.0000),(52,100046,'2025-02-08 15:17:15',600.0000,NULL,NULL,600.0000),(53,100048,'2025-02-09 11:06:22',1400.0000,NULL,NULL,1400.0000),(54,100049,'2025-02-09 11:27:34',1400.0000,NULL,NULL,1400.0000),(55,100050,'2025-02-09 11:42:01',1400.0000,NULL,NULL,1400.0000),(56,100051,'2025-02-09 11:57:48',1400.0000,NULL,NULL,1400.0000),(57,100052,'2025-02-10 04:53:57',3600.0000,NULL,NULL,3600.0000),(58,100053,'2025-02-10 05:02:28',900.0000,NULL,NULL,900.0000),(59,100054,'2025-02-10 05:08:12',900.0000,NULL,NULL,900.0000),(60,100055,'2025-02-10 06:03:07',900.0000,NULL,NULL,900.0000),(61,100056,'2025-02-10 06:03:54',1200.0000,NULL,NULL,1200.0000),(62,100057,'2025-02-10 08:37:10',3300.0000,NULL,NULL,3300.0000),(63,NULL,'2025-02-10 11:13:47',600.0000,NULL,NULL,600.0000),(64,NULL,'2025-02-10 11:15:47',600.0000,NULL,NULL,600.0000),(65,NULL,'2025-02-10 11:17:11',600.0000,NULL,NULL,600.0000),(66,NULL,'2025-02-10 11:21:01',600.0000,NULL,NULL,600.0000),(67,NULL,'2025-02-10 11:21:41',600.0000,NULL,NULL,600.0000),(68,NULL,'2025-02-10 11:23:56',600.0000,NULL,NULL,600.0000),(69,100064,'2025-02-10 11:25:06',600.0000,NULL,NULL,600.0000),(70,NULL,'2025-02-10 11:26:52',600.0000,NULL,NULL,600.0000),(71,100066,'2025-02-10 11:30:30',1800.0000,NULL,NULL,1800.0000),(72,100067,'2025-02-10 11:36:41',1800.0000,NULL,NULL,1800.0000),(73,100068,'2025-02-10 15:02:40',1200.0000,NULL,NULL,1200.0000),(74,NULL,'2025-02-11 05:32:41',1000.0000,NULL,NULL,1000.0000),(75,NULL,'2025-02-11 05:36:33',200.0000,NULL,NULL,200.0000),(76,NULL,'2025-02-11 06:00:58',100.0000,NULL,NULL,100.0000),(77,NULL,'2025-02-11 06:05:29',200.0000,NULL,NULL,200.0000),(78,NULL,'2025-02-11 06:07:46',300.0000,NULL,NULL,300.0000),(79,NULL,'2025-02-11 06:09:01',400.0000,NULL,NULL,400.0000),(80,NULL,'2025-02-11 06:09:56',200.0000,NULL,NULL,200.0000),(81,NULL,'2025-02-11 06:10:05',200.0000,NULL,NULL,200.0000),(82,NULL,'2025-02-11 06:11:04',400.0000,NULL,NULL,400.0000),(83,NULL,'2025-02-11 06:13:47',200.0000,NULL,NULL,200.0000),(84,NULL,'2025-02-11 06:43:57',300.0000,NULL,NULL,300.0000),(85,NULL,'2025-02-11 06:44:59',300.0000,NULL,NULL,300.0000),(86,NULL,'2025-02-11 06:45:39',300.0000,NULL,NULL,300.0000),(87,NULL,'2025-02-11 06:46:16',400.0000,NULL,NULL,400.0000),(88,NULL,'2025-02-11 06:47:13',300.0000,NULL,NULL,300.0000),(89,NULL,'2025-02-11 06:47:46',300.0000,NULL,NULL,300.0000),(90,NULL,'2025-02-11 06:48:42',300.0000,NULL,NULL,300.0000),(91,NULL,'2025-02-11 06:49:32',300.0000,NULL,NULL,300.0000),(92,NULL,'2025-02-11 06:50:17',300.0000,NULL,NULL,300.0000),(93,NULL,'2025-02-11 06:51:19',300.0000,NULL,NULL,300.0000),(94,NULL,'2025-02-11 06:52:20',300.0000,NULL,NULL,300.0000),(95,NULL,'2025-02-11 06:57:12',300.0000,NULL,NULL,300.0000),(96,NULL,'2025-02-11 06:57:56',300.0000,NULL,NULL,300.0000),(97,NULL,'2025-02-11 06:58:54',300.0000,NULL,NULL,300.0000),(98,NULL,'2025-02-11 06:59:53',300.0000,NULL,NULL,300.0000),(99,NULL,'2025-02-11 07:01:53',300.0000,NULL,NULL,300.0000),(100,NULL,'2025-02-11 07:03:23',300.0000,NULL,NULL,300.0000),(101,NULL,'2025-02-11 07:04:25',400.0000,NULL,NULL,400.0000),(102,NULL,'2025-02-11 07:05:24',300.0000,NULL,NULL,300.0000),(103,NULL,'2025-02-11 07:06:12',400.0000,NULL,NULL,400.0000),(104,NULL,'2025-02-11 08:51:28',510.0000,NULL,NULL,510.0000),(105,NULL,'2025-02-11 08:53:12',502.5000,NULL,NULL,502.5000),(106,NULL,'2025-02-12 19:22:25',67.0000,NULL,NULL,67.0000),(107,NULL,'2025-02-13 08:59:39',244.0000,NULL,NULL,244.0000),(108,100104,'2025-02-13 20:53:14',400.0000,NULL,NULL,400.0000),(109,100105,'2025-02-13 21:22:20',400.0000,NULL,NULL,400.0000),(110,100106,'2025-02-13 21:24:29',400.0000,NULL,NULL,400.0000),(111,100107,'2025-02-15 05:41:49',5600.0000,NULL,NULL,5600.0000),(112,NULL,'2025-02-15 06:46:21',100.5000,NULL,NULL,100.5000),(113,NULL,'2025-02-15 07:15:58',100.5000,NULL,NULL,100.5000),(114,NULL,'2025-02-15 07:23:20',100.5000,NULL,NULL,100.5000),(115,NULL,'2025-02-15 07:24:04',134.0000,NULL,NULL,134.0000),(116,NULL,'2025-02-15 13:52:20',600.0000,NULL,NULL,600.0000),(117,NULL,'2025-02-16 07:53:53',1000.0000,NULL,NULL,1000.0000),(118,NULL,'2025-02-16 08:26:56',167.5000,NULL,NULL,167.5000),(119,NULL,'2025-02-17 04:55:47',1401.0000,NULL,NULL,1401.0000),(120,100116,'2025-02-17 05:24:17',2400.0000,NULL,NULL,2400.0000),(121,100120,'2025-02-17 08:41:56',1200.0000,NULL,NULL,1200.0000),(122,100121,'2025-02-17 09:26:04',1200.0000,NULL,NULL,1200.0000),(123,100122,'2025-02-17 09:32:40',1200.0000,NULL,NULL,1200.0000),(124,100123,'2025-02-19 08:10:16',67.0000,NULL,NULL,67.0000),(125,NULL,'2025-02-20 04:40:41',600.0000,NULL,NULL,600.0000),(126,100125,'2025-02-23 08:08:23',971.5000,NULL,NULL,971.5000),(136,100126,'2025-02-23 10:47:52',0.0000,NULL,NULL,0.0000),(139,100130,'2025-03-03 11:20:36',3600.0000,NULL,NULL,3600.0000),(140,100129,'2025-03-03 11:23:11',3115.5000,NULL,NULL,3115.5000),(141,100131,'2025-03-03 11:26:09',7269.5000,NULL,NULL,7269.5000),(142,NULL,'2025-03-04 11:49:44',600.0000,NULL,NULL,600.0000),(143,NULL,'2025-03-04 11:52:39',300.0000,NULL,NULL,300.0000),(144,NULL,'2025-03-04 12:00:00',300.0000,NULL,NULL,300.0000),(146,100138,'2025-03-06 15:30:50',1804.5000,NULL,NULL,1804.5000),(147,100139,'2025-03-07 07:38:36',1038.5000,NULL,NULL,1038.5000),(148,100140,'2025-03-08 12:36:16',1038.5000,NULL,NULL,1038.5000),(151,100141,'2025-03-08 12:44:53',10050.0000,NULL,NULL,10050.0000),(153,100142,'2025-03-08 13:44:47',20723.5000,NULL,NULL,20723.5000),(158,100149,'2025-03-11 14:30:26',33.5000,0.0000,0.0000,33.5000),(159,100150,'2025-03-11 14:46:29',33.5000,0.0000,0.0000,33.5000),(160,100151,'2025-03-11 15:12:11',33.5000,0.0000,0.0000,33.5000),(161,100158,'2025-03-19 05:42:15',67.0000,0.0000,0.0000,67.0000),(162,100159,'2025-03-19 12:20:08',1005.0000,0.0000,18.0000,1005.0000),(163,100161,'2025-03-21 03:48:35',13500.5000,0.0000,18.0000,13500.5000),(164,100162,'2025-03-22 15:12:26',13500.5000,0.0000,18.0000,13500.5000),(165,100165,'2025-03-29 10:38:17',1005.0000,0.0000,18.0000,1005.0000),(166,100166,'2025-03-29 12:38:38',335.0000,0.0000,18.0000,335.0000),(167,100167,'2025-03-29 14:04:45',4020.0000,0.0000,18.0000,4020.0000),(168,100176,'2025-04-06 18:07:33',2010.0000,0.0000,18.0000,2010.0000),(169,100177,'2025-04-07 09:07:04',402.0000,0.0000,18.0000,402.0000),(170,100178,'2025-04-07 09:12:04',402.0000,0.0000,18.0000,402.0000),(171,100179,'2025-04-07 09:15:21',4824.0000,0.0000,18.0000,4824.0000),(172,100180,'2025-04-07 09:18:17',4824.0000,0.0000,18.0000,4824.0000),(173,100181,'2025-04-07 09:20:43',4824.0000,0.0000,18.0000,4824.0000),(174,100182,'2025-04-07 09:22:53',4824.0000,0.0000,18.0000,4824.0000),(175,100183,'2025-04-07 09:24:59',4824.0000,0.0000,18.0000,4824.0000),(176,100184,'2025-04-07 09:31:17',4824.0000,0.0000,18.0000,4824.0000),(177,100185,'2025-04-07 09:35:51',4824.0000,0.0000,18.0000,4824.0000),(178,100186,'2025-04-07 09:37:41',4824.0000,0.0000,18.0000,4824.0000),(179,100187,'2025-04-07 09:40:38',4824.0000,0.0000,18.0000,4824.0000),(180,100188,'2025-04-07 09:43:46',4824.0000,0.0000,18.0000,4824.0000),(181,100189,'2025-04-07 09:45:53',4824.0000,0.0000,18.0000,4824.0000),(182,100190,'2025-04-07 09:58:46',4824.0000,0.0000,18.0000,4824.0000),(183,100191,'2025-04-07 10:00:40',4824.0000,0.0000,18.0000,4824.0000),(184,100192,'2025-04-07 10:02:26',4824.0000,0.0000,18.0000,4824.0000),(185,100193,'2025-04-07 10:03:29',4824.0000,0.0000,18.0000,4824.0000),(186,100194,'2025-04-07 10:05:06',4824.0000,0.0000,18.0000,4824.0000),(187,100196,'2025-04-08 05:24:33',201.0000,0.0000,18.0000,201.0000),(188,100197,'2025-04-08 05:28:15',201.0000,0.0000,18.0000,201.0000),(189,100198,'2025-04-08 05:33:53',201.0000,0.0000,18.0000,201.0000),(190,100199,'2025-04-08 06:06:43',201.0000,0.0000,18.0000,201.0000),(191,100200,'2025-04-10 03:39:08',201.0000,0.0000,18.0000,201.0000),(192,100203,'2025-04-11 04:17:55',22110.0000,0.0000,18.0000,22110.0000),(193,100204,'2025-04-12 03:44:47',22110.0000,0.0000,18.0000,22110.0000),(194,100205,'2025-04-14 06:46:53',1306.5000,0.0000,18.0000,1306.5000),(195,100207,'2025-04-22 08:31:06',13065.0000,0.0000,18.0000,13065.0000),(196,100208,'2025-04-26 15:58:07',3685.0000,0.0000,18.0000,3685.0000),(197,100212,'2025-04-29 08:43:02',469.0000,0.0000,18.0000,469.0000),(198,100213,'2025-04-29 08:47:04',469.0000,0.0000,18.0000,469.0000),(199,100214,'2025-05-02 05:15:36',23885.5000,0.0000,18.0000,23885.5000),(200,100215,'2025-05-02 12:37:25',469.0000,0.0000,18.0000,469.0000),(201,100218,'2025-05-12 10:25:58',23885.5000,0.0000,18.0000,23885.5000),(202,100220,'2025-06-01 04:47:10',6030.0000,0.0000,18.0000,6030.0000),(203,100221,'2025-06-01 05:27:14',5025.0000,0.0000,18.0000,5025.0000),(204,100222,'2025-06-15 07:19:27',14070.0000,0.0000,18.0000,14070.0000),(205,100223,'2025-06-15 07:29:54',14070.0000,0.0000,18.0000,14070.0000),(206,100224,'2025-06-15 10:28:54',469.0000,0.0000,18.0000,469.0000),(207,100225,'2025-06-24 03:19:30',234.5000,0.0000,18.0000,234.5000),(208,100226,'2025-06-25 11:08:19',603.0000,0.0000,18.0000,603.0000),(209,100227,'2025-07-03 14:49:58',469.0000,0.0000,18.0000,469.0000),(210,100229,'2025-07-12 20:16:45',67.0000,0.0000,18.0000,67.0000),(211,100230,'2025-07-12 20:17:56',100.5000,0.0000,18.0000,100.5000),(212,100231,'2025-07-12 20:31:05',67.0000,0.0000,18.0000,67.0000),(213,100232,'2025-07-15 01:55:21',469.0000,0.0000,18.0000,469.0000),(214,100233,'2025-07-15 02:31:34',469.0000,0.0000,18.0000,469.0000),(215,100234,'2025-07-15 02:54:02',469.0000,0.0000,18.0000,469.0000);
/*!40000 ALTER TABLE `Invoice` ENABLE KEYS */;
UNLOCK TABLES;

--
-- Table structure for table `InvoiceDetail`
--

DROP TABLE IF EXISTS `InvoiceDetail`;
/*!40101 SET @saved_cs_client     = @@character_set_client */;
/*!50503 SET character_set_client = utf8mb4 */;
CREATE TABLE `InvoiceDetail` (
  `invoice_detail_id` int NOT NULL AUTO_INCREMENT,
  `invoice_id` int DEFAULT NULL,
  `display_type_id` int NOT NULL,
  `display_charge` decimal(10,2) NOT NULL,
  `no_of_display` int NOT NULL,
  `no_of_days` int NOT NULL,
  `total_charge` decimal(10,4) DEFAULT NULL,
  PRIMARY KEY (`invoice_detail_id`),
  KEY `invoice_id` (`invoice_id`),
  CONSTRAINT `InvoiceDetail_ibfk_1` FOREIGN KEY (`invoice_id`) REFERENCES `Invoice` (`invoice_id`)
) ENGINE=InnoDB AUTO_INCREMENT=292 DEFAULT CHARSET=utf8mb4 COLLATE=utf8mb4_0900_ai_ci;
/*!40101 SET character_set_client = @saved_cs_client */;

--
-- Dumping data for table `InvoiceDetail`
--

LOCK TABLES `InvoiceDetail` WRITE;
/*!40000 ALTER TABLE `InvoiceDetail` DISABLE KEYS */;
INSERT INTO `InvoiceDetail` VALUES (18,13,3,300.00,1,8,2400.0000),(19,14,3,300.00,1,28,8400.0000),(20,15,3,300.00,1,20,6000.0000),(21,16,3,300.00,1,5,1500.0000),(22,17,3,300.00,1,28,8400.0000),(23,17,1,100.00,1,28,2800.0000),(24,18,3,300.00,1,4,1200.0000),(25,18,1,100.00,1,4,400.0000),(26,19,1,100.00,1,9,900.0000),(27,20,1,100.00,1,9,900.0000),(28,21,1,100.00,1,8,800.0000),(29,22,1,100.00,1,8,800.0000),(30,23,1,100.00,1,8,800.0000),(31,24,1,100.00,1,8,800.0000),(33,26,2,200.00,1,1,200.0000),(34,27,2,200.00,1,2,400.0000),(35,28,2,200.00,1,1,200.0000),(36,29,2,200.00,1,2,400.0000),(37,30,2,200.00,1,2,400.0000),(38,31,2,200.00,1,16,3200.0000),(39,32,2,200.00,1,16,3200.0000),(40,33,3,300.00,1,2,600.0000),(41,34,3,300.00,1,2,600.0000),(42,35,3,300.00,1,34,10200.0000),(43,36,3,300.00,1,30,9000.0000),(44,37,3,300.00,1,0,0.0000),(45,38,3,300.00,1,2,600.0000),(46,39,3,300.00,1,2,600.0000),(47,40,3,300.00,1,2,600.0000),(48,41,3,300.00,1,4,1200.0000),(49,42,3,300.00,1,4,1200.0000),(50,43,3,300.00,1,2,600.0000),(51,44,3,300.00,1,2,600.0000),(52,45,3,300.00,1,2,600.0000),(53,46,3,300.00,1,2,600.0000),(54,47,2,200.00,1,3,600.0000),(55,48,2,200.00,1,8,1600.0000),(56,49,2,200.00,1,28,5600.0000),(57,50,2,200.00,1,3,600.0000),(58,51,2,200.00,1,28,5600.0000),(59,52,3,300.00,1,2,600.0000),(60,53,2,200.00,1,7,1400.0000),(61,54,2,200.00,1,7,1400.0000),(62,55,2,200.00,1,7,1400.0000),(63,56,2,200.00,1,7,1400.0000),(64,57,3,300.00,1,12,3600.0000),(65,58,3,300.00,1,3,900.0000),(66,59,3,300.00,1,3,900.0000),(67,60,3,300.00,1,3,900.0000),(68,61,3,300.00,1,4,1200.0000),(69,62,3,300.00,1,11,3300.0000),(70,63,3,300.00,1,2,600.0000),(71,64,3,300.00,1,2,600.0000),(72,65,3,300.00,1,2,600.0000),(73,66,3,300.00,1,2,600.0000),(74,67,3,300.00,1,2,600.0000),(75,68,3,300.00,1,2,600.0000),(76,69,3,300.00,1,2,600.0000),(77,70,3,300.00,1,2,600.0000),(78,71,3,300.00,1,6,1800.0000),(79,72,3,300.00,1,6,1800.0000),(80,73,2,200.00,1,6,1200.0000),(81,74,1,100.00,1,10,1000.0000),(82,75,1,100.00,1,2,200.0000),(83,76,1,100.00,1,1,100.0000),(84,77,1,100.00,1,2,200.0000),(85,78,1,100.00,1,3,300.0000),(86,79,1,100.00,1,4,400.0000),(87,80,1,100.00,1,2,200.0000),(88,81,1,100.00,1,2,200.0000),(89,82,1,100.00,1,4,400.0000),(90,83,1,100.00,1,2,200.0000),(91,84,1,100.00,1,3,300.0000),(92,85,1,100.00,1,3,300.0000),(93,86,1,100.00,1,3,300.0000),(94,87,1,100.00,1,4,400.0000),(95,88,1,100.00,1,3,300.0000),(96,89,1,100.00,1,3,300.0000),(97,90,1,100.00,1,3,300.0000),(98,91,1,100.00,1,3,300.0000),(99,92,1,100.00,1,3,300.0000),(100,93,1,100.00,1,3,300.0000),(101,94,1,100.00,1,3,300.0000),(102,95,1,100.00,1,3,300.0000),(103,96,1,100.00,1,3,300.0000),(104,97,1,100.00,1,3,300.0000),(105,98,1,100.00,1,3,300.0000),(106,99,1,100.00,1,3,300.0000),(107,100,1,100.00,1,3,300.0000),(108,101,1,100.00,1,4,400.0000),(109,102,1,100.00,1,3,300.0000),(110,103,1,100.00,1,4,400.0000),(111,104,1,34.00,1,15,510.0000),(112,105,1,34.00,1,15,502.5000),(113,106,1,34.00,1,2,67.0000),(114,107,3,300.00,1,2,244.0000),(115,108,2,200.00,1,2,400.0000),(116,109,2,200.00,1,2,400.0000),(117,110,2,200.00,1,2,400.0000),(118,111,2,200.00,1,28,5600.0000),(119,112,1,34.00,1,3,100.5000),(120,113,1,34.00,1,3,100.5000),(121,114,1,34.00,1,3,100.5000),(122,115,1,34.00,1,4,134.0000),(123,116,2,200.00,1,3,600.0000),(124,117,2,200.00,1,5,1000.0000),(125,118,1,34.00,1,5,167.5000),(126,119,2,200.00,1,6,1200.0000),(127,119,1,34.00,1,6,201.0000),(128,120,2,200.00,1,12,2400.0000),(129,121,3,300.00,1,4,1200.0000),(130,122,3,300.00,1,4,1200.0000),(131,123,3,300.00,1,4,1200.0000),(132,124,1,34.00,1,2,67.0000),(133,125,3,300.00,1,2,600.0000),(134,126,1,34.00,1,29,971.5000),(135,136,3,300.00,1,2,0.0000),(136,139,3,300.00,1,12,3600.0000),(137,140,1,34.00,3,31,3115.5000),(138,141,1,34.00,7,31,7269.5000),(139,142,3,300.00,1,2,600.0000),(140,143,3,300.00,1,1,300.0000),(141,144,3,300.00,1,1,300.0000),(143,146,1,34.00,9,3,904.5000),(144,146,3,300.00,1,3,900.0000),(145,147,1,34.00,1,31,1038.5000),(146,148,1,34.00,1,31,1038.5000),(147,151,1,34.00,10,30,10050.0000),(148,153,1,33.50,11,31,11423.5000),(149,153,3,300.00,1,31,9300.0000),(151,158,3,33.50,1,1,33.5000),(152,159,3,33.50,1,1,33.5000),(153,160,3,33.50,1,1,33.5000),(154,161,3,33.50,1,1,33.5000),(155,161,1,33.50,1,1,33.5000),(156,162,3,33.50,1,10,335.0000),(157,162,1,33.50,2,10,670.0000),(158,163,1,33.50,13,31,13500.5000),(159,163,1,33.50,13,31,13500.5000),(160,164,1,33.50,13,31,13500.5000),(161,165,1,33.50,3,10,1005.0000),(162,166,1,33.50,1,10,335.0000),(163,167,1,33.50,12,10,4020.0000),(164,168,3,33.50,1,20,670.0000),(165,168,1,33.50,2,20,1340.0000),(166,169,1,33.50,3,2,201.0000),(167,169,2,33.50,1,2,67.0000),(168,169,3,33.50,2,2,134.0000),(169,170,1,33.50,3,2,201.0000),(170,170,2,33.50,1,2,67.0000),(171,170,3,33.50,2,2,134.0000),(172,171,1,33.50,3,24,2412.0000),(173,171,2,33.50,1,24,804.0000),(174,171,3,33.50,2,24,1608.0000),(175,172,1,33.50,3,24,2412.0000),(176,172,2,33.50,1,24,804.0000),(177,172,3,33.50,2,24,1608.0000),(178,173,1,33.50,3,24,2412.0000),(179,173,2,33.50,1,24,804.0000),(180,173,3,33.50,2,24,1608.0000),(181,174,1,33.50,3,24,2412.0000),(182,174,2,33.50,1,24,804.0000),(183,174,3,33.50,2,24,1608.0000),(184,175,1,33.50,3,24,2412.0000),(185,175,2,33.50,1,24,804.0000),(186,175,3,33.50,2,24,1608.0000),(187,176,1,33.50,3,24,2412.0000),(188,176,2,33.50,1,24,804.0000),(189,176,3,33.50,2,24,1608.0000),(190,177,1,33.50,3,24,2412.0000),(191,177,2,33.50,1,24,804.0000),(192,177,3,33.50,2,24,1608.0000),(193,178,1,33.50,3,24,2412.0000),(194,178,2,33.50,1,24,804.0000),(195,178,3,33.50,2,24,1608.0000),(196,179,1,33.50,3,24,2412.0000),(197,179,2,33.50,1,24,804.0000),(198,179,3,33.50,2,24,1608.0000),(199,180,1,33.50,3,24,2412.0000),(200,180,2,33.50,1,24,804.0000),(201,180,3,33.50,2,24,1608.0000),(202,181,1,33.50,3,24,2412.0000),(203,181,2,33.50,1,24,804.0000),(204,181,3,33.50,2,24,1608.0000),(205,182,1,33.50,3,24,2412.0000),(206,182,2,33.50,1,24,804.0000),(207,182,3,33.50,2,24,1608.0000),(208,183,1,33.50,3,24,2412.0000),(209,183,2,33.50,1,24,804.0000),(210,183,3,33.50,2,24,1608.0000),(211,184,1,33.50,3,24,2412.0000),(212,184,2,33.50,1,24,804.0000),(213,184,3,33.50,2,24,1608.0000),(214,185,1,33.50,3,24,2412.0000),(215,185,2,33.50,1,24,804.0000),(216,185,3,33.50,2,24,1608.0000),(217,186,1,33.50,3,24,2412.0000),(218,186,2,33.50,1,24,804.0000),(219,186,3,33.50,2,24,1608.0000),(220,187,3,33.50,3,2,201.0000),(221,188,3,33.50,3,2,201.0000),(222,189,3,33.50,3,2,201.0000),(223,190,3,33.50,3,2,201.0000),(224,191,3,33.50,3,2,201.0000),(225,192,1,33.50,18,30,18090.0000),(226,192,2,33.50,1,30,1005.0000),(227,192,3,33.50,3,30,3015.0000),(228,193,1,33.50,18,30,18090.0000),(229,193,2,33.50,1,30,1005.0000),(230,193,3,33.50,3,30,3015.0000),(231,194,1,33.50,13,3,1306.5000),(232,195,1,33.50,13,30,13065.0000),(233,196,1,33.50,18,5,3015.0000),(234,196,2,33.50,1,5,167.5000),(235,196,3,33.50,3,5,502.5000),(236,197,1,33.50,3,2,201.0000),(237,197,2,33.50,1,2,67.0000),(238,197,3,33.50,3,2,201.0000),(239,198,1,33.50,3,2,201.0000),(240,198,2,33.50,1,2,67.0000),(241,198,3,33.50,3,2,201.0000),(242,199,1,33.50,18,31,18693.0000),(243,199,2,33.50,1,31,1038.5000),(244,199,3,33.50,3,31,3115.5000),(245,199,1,33.50,19,31,19731.5000),(246,199,2,33.50,1,31,1038.5000),(247,199,3,33.50,3,31,3115.5000),(248,200,1,33.50,3,2,201.0000),(249,200,2,33.50,1,2,67.0000),(250,200,3,33.50,3,2,201.0000),(251,201,1,33.50,19,31,19731.5000),(252,201,2,33.50,1,31,1038.5000),(253,201,3,33.50,3,31,3115.5000),(254,202,1,33.50,5,30,5025.0000),(255,202,1,33.50,6,30,6030.0000),(256,202,1,33.50,6,30,6030.0000),(257,202,1,33.50,6,30,6030.0000),(258,203,1,33.50,5,30,5025.0000),(259,203,1,33.50,5,30,5025.0000),(260,204,1,33.50,8,30,8040.0000),(261,204,1,33.50,14,30,14070.0000),(262,205,1,33.50,14,30,14070.0000),(263,206,1,33.50,3,2,201.0000),(264,206,2,33.50,1,2,67.0000),(265,206,3,33.50,3,2,201.0000),(266,207,1,33.50,1,7,234.5000),(267,208,1,33.50,3,6,603.0000),(268,209,1,33.50,3,2,201.0000),(269,209,2,33.50,1,2,67.0000),(270,209,3,33.50,3,2,201.0000),(271,210,1,33.50,1,2,67.0000),(272,211,1,33.50,1,3,100.5000),(273,212,1,33.50,1,2,67.0000),(274,213,1,33.50,3,2,201.0000),(275,213,2,33.50,1,2,67.0000),(276,213,3,33.50,3,2,201.0000),(277,214,1,33.50,3,2,201.0000),(278,214,2,33.50,1,2,67.0000),(279,214,3,33.50,3,2,201.0000),(280,214,1,33.50,3,2,201.0000),(281,214,2,33.50,1,2,67.0000),(282,214,3,33.50,3,2,201.0000),(283,214,1,33.50,3,2,201.0000),(284,214,2,33.50,1,2,67.0000),(285,214,3,33.50,3,2,201.0000),(286,215,1,33.50,3,2,201.0000),(287,215,2,33.50,1,2,67.0000),(288,215,3,33.50,3,2,201.0000),(289,215,1,33.50,3,2,201.0000),(290,215,2,33.50,1,2,67.0000),(291,215,3,33.50,3,2,201.0000);
/*!40000 ALTER TABLE `InvoiceDetail` ENABLE KEYS */;
UNLOCK TABLES;

--
-- Table structure for table `KYC`
--

DROP TABLE IF EXISTS `KYC`;
/*!40101 SET @saved_cs_client     = @@character_set_client */;
/*!50503 SET character_set_client = utf8mb4 */;
CREATE TABLE `KYC` (
  `kyc_id` int NOT NULL AUTO_INCREMENT,
  `adhar_no` varchar(15) NOT NULL,
  `pan_no` varchar(15) NOT NULL,
  `adhar_front_img` varchar(400) NOT NULL,
  `adhar_back_img` varchar(400) NOT NULL,
  `pan_img` varchar(400) NOT NULL,
  `acc_holder_name` varchar(255) NOT NULL,
  `acc_no` varchar(50) NOT NULL,
  `bank_ifsc` varchar(50) NOT NULL,
  `bank_name` varchar(255) NOT NULL,
  `bank_branch_name` varchar(255) NOT NULL,
  `bank_proof_img` varchar(400) NOT NULL,
  `kyc_status` enum('Approved','Rejected','On Review') DEFAULT 'On Review',
  `kyc_remark` text,
  `created_at` timestamp NOT NULL DEFAULT CURRENT_TIMESTAMP,
  `updated_at` timestamp NOT NULL DEFAULT CURRENT_TIMESTAMP ON UPDATE CURRENT_TIMESTAMP,
  `user_id` int NOT NULL,
  `update_request` enum('Accepted','Rejected','Submitted') DEFAULT NULL,
  PRIMARY KEY (`kyc_id`),
  KEY `user_id` (`user_id`),
  CONSTRAINT `KYC_ibfk_1` FOREIGN KEY (`user_id`) REFERENCES `Users` (`user_id`)
) ENGINE=InnoDB AUTO_INCREMENT=28 DEFAULT CHARSET=utf8mb4 COLLATE=utf8mb4_0900_ai_ci;
/*!40101 SET character_set_client = @saved_cs_client */;

--
-- Dumping data for table `KYC`
--

LOCK TABLES `KYC` WRITE;
/*!40000 ALTER TABLE `KYC` DISABLE KEYS */;
INSERT INTO `KYC` VALUES (1,'255036914725','FHJFJ5857F','Media/Client/1_Abhishek_Purushottam_Bhoyar/adhar_front_img.jpg','Media/Client/1_Abhishek_Purushottam_Bhoyar/adhar_back_img.jpg','Media/Client/1_Abhishek_Purushottam_Bhoyar/pan_img.jpg','cv','cn','cn','dh','cn','Media/Client/1_Abhishek_Purushottam_Bhoyar/bank_proof_img.jpg','On Review',NULL,'2025-01-28 04:40:06','2025-01-28 04:40:06',1,NULL),(2,'2345434543','234324','../Media/Client/30_ABC_aa_d/documents/adhar_front_ai-generated-7943512_1280.jpg','../Media/Client/30_ABC_aa_d/documents/adhar_back_ai-generated-7943512_1280.jpg','../Media/Client/30_ABC_aa_d/documents/pan_ai-generated-7943512_1280.jpg','Tejas','12313','231234','SBI','Koradi','../Media/Client/30_ABC_aa_d/documents/bank_proof_ai-generated-7943512_1280.jpg','Approved','Pan Card is Not show Properly','2025-01-29 06:51:05','2025-02-11 05:02:14',30,NULL),(3,'124536258412','ABCRD1234B','Media/Client/29_Sumit_Dayaram_Chavhan/adhar_front_img.jpg','Media/Client/29_Sumit_Dayaram_Chavhan/adhar_back_img.jpg','Media/Client/29_Sumit_Dayaram_Chavhan/pan_img.jpg','Sumit Chavhan ','989043127478','Sbin000000R','abcd123456788899000','Start ttty7iuu','Media/Client/29_Sumit_Dayaram_Chavhan/bank_proof_img.jpg','Approved','','2025-01-29 08:24:18','2025-02-10 10:45:24',29,NULL),(4,'2345434','234324','../Media/Client/28_Tejas_Prakash_Landge/documents/adhar_front_ai-generated-7943512_1280.jpg','../Media/Client/28_Tejas_Prakash_Landge/documents/adhar_back_ai-generated-7943512_1280.jpg','../Media/Client/28_Tejas_Prakash_Landge/documents/pan_ai-generated-7943512_1280.jpg','Tejas','12313','231','SBI','Koradi','../Media/Client/28_Tejas_Prakash_Landge/documents/bank_proof_ai-generated-7943512_1280.jpg','On Review','','2025-01-30 04:08:57','2025-01-30 04:08:57',28,NULL),(5,'521463258523','ABPCD3456B','Media/Client/34_Swaransh_Sumit_Chavhan/adhar_front_img.jpg','Media/Client/34_Swaransh_Sumit_Chavhan/adhar_back_img.jpg','Media/Client/34_Swaransh_Sumit_Chavhan/pan_img.jpg','Swaransh Chavhan','9853578675023','Sbin00000bc','State Bank of India ','Wadi','Media/Client/34_Swaransh_Sumit_Chavhan/bank_proof_img.jpg','Approved','Pan number miss match','2025-02-01 18:23:09','2025-07-12 19:36:51',34,NULL),(6,'659636088515','BQVPC4642N','Media/Client/42_Sonam_Nikhil_Sonttake/adhar_front_img.jpg','Media/Client/42_Sonam_Nikhil_Sonttake/adhar_back_img.jpg','Media/Client/42_Sonam_Nikhil_Sonttake/pan_img.jpg','SN MART','50200097252288','HDFC0004224','HDFC Bank ','Wadi','Media/Client/42_Sonam_Nikhil_Sonttake/bank_proof_img.jpg','Approved','','2025-02-15 06:13:25','2025-02-21 18:23:33',42,NULL),(7,'268556825912','AKNPB0999G','Media/Client/45_Pundlik_Shrawan_Bhorkar/adhar_front_img.jpg','Media/Client/45_Pundlik_Shrawan_Bhorkar/adhar_back_img.jpg','Media/Client/45_Pundlik_Shrawan_Bhorkar/pan_img.jpg','Pundlik SHRAWAN BHORKAR','60193377626','MAHB0001926','BANK OF MAHARASHTRA ','Wadi','Media/Client/45_Pundlik_Shrawan_Bhorkar/bank_proof_img.jpg','Approved','','2025-02-20 18:54:07','2025-02-20 19:01:50',45,NULL),(8,'207587989558','AWVPS5267J','Media/Client/48_Gopal_Narayan_Sewak/adhar_front_img.jpg','Media/Client/48_Gopal_Narayan_Sewak/adhar_back_img.jpg','Media/Client/48_Gopal_Narayan_Sewak/pan_img.jpg','Gopal Narayana Sewak','32828285159','SBIN0012710','State Bank of India ','Wadi','Media/Client/48_Gopal_Narayan_Sewak/bank_proof_img.jpg','Approved','','2025-02-21 19:58:34','2025-02-28 11:50:09',48,NULL),(10,'931106724219','BBTPG6425J','Media/Client/50_LUKUSH_KEDARNATH_Gupta/adhar_front_img.jpg','Media/Client/50_LUKUSH_KEDARNATH_Gupta/adhar_back_img.jpg','Media/Client/50_LUKUSH_KEDARNATH_Gupta/pan_img.jpg','LoveKush Kedarnath Gupta','110061558960','CNRB0005096','Canara Bank','Wadi ','Media/Client/50_LUKUSH_KEDARNATH_Gupta/bank_proof_img.jpg','Approved','','2025-02-23 15:23:16','2025-02-28 11:56:47',50,NULL),(11,'786539890367','AJHPM1031D','Media/Client/51_Ruma_Biplab_Mazumder/adhar_front_img.jpg','Media/Client/51_Ruma_Biplab_Mazumder/adhar_back_img.jpg','Media/Client/51_Ruma_Biplab_Mazumder/pan_img.jpg','NEW MAZUMDAR MEDICAL STORES','920020064856798','UTIB002011','Axis Bank Ltd','Amravati Road Wadi','Media/Client/51_Ruma_Biplab_Mazumder/bank_proof_img.jpg','Approved','','2025-03-02 08:37:44','2025-03-03 09:04:39',51,NULL),(12,'826167145262','AQNPK0712G','Media/Client/52_Laxminarayan_Kishorilal_Kesarwani/adhar_front_img.jpg','Media/Client/52_Laxminarayan_Kishorilal_Kesarwani/adhar_back_img.jpg','Media/Client/52_Laxminarayan_Kishorilal_Kesarwani/pan_img.jpg','Laxminarayan K Kesharwani','005901564837','ICIC0000059','ICICI Bank','Wadi ','Media/Client/52_Laxminarayan_Kishorilal_Kesarwani/bank_proof_img.jpg','Approved','','2025-03-02 08:55:02','2025-03-03 09:07:51',52,NULL),(13,'405384361155','AOJPT1560K','Media/Client/53_Parikshit_Gajananrao_Thakre/adhar_front_img.jpg','Media/Client/53_Parikshit_Gajananrao_Thakre/adhar_back_img.jpg','Media/Client/53_Parikshit_Gajananrao_Thakre/pan_img.jpg','Parikshit Gajanan Thakre','110081628820','CNRB0005096','Canara Bank','Amravati road Wadi','Media/Client/53_Parikshit_Gajananrao_Thakre/bank_proof_img.jpg','Approved','','2025-03-02 11:59:49','2025-03-03 09:09:58',53,NULL),(14,'226477829647','AVPCG4480F','Media/Client/54_Vijay_Abhay_Gore/adhar_front_img.jpg','Media/Client/54_Vijay_Abhay_Gore/adhar_back_img.jpg','Media/Client/54_Vijay_Abhay_Gore/pan_img.jpg','VIJAY ABHAY GORE','31668100002156','BARB0WADNAG','Bank of Baroda','Wadi','Media/Client/54_Vijay_Abhay_Gore/bank_proof_img.jpg','Approved','','2025-03-02 13:21:37','2025-03-03 09:11:37',54,NULL),(15,'565932887156','DFSVS2323D','Media/Client/33_Abhishek_Purushottam_Bhoyar/adhar_front_img.jpg','Media/Client/33_Abhishek_Purushottam_Bhoyar/adhar_back_img.jpg','Media/Client/33_Abhishek_Purushottam_Bhoyar/pan_img.jpg','nd','br','he','ye','he','Media/Client/33_Abhishek_Purushottam_Bhoyar/bank_proof_img.jpg','Rejected','','2025-03-03 08:01:40','2025-05-10 18:45:23',33,NULL),(17,'364827147839','HPQPK0682Q','Media/Client/55_Vishal_Prabhakar_Kumbhare/adhar_front_img.jpg','Media/Client/55_Vishal_Prabhakar_Kumbhare/adhar_back_img.jpg','Media/Client/55_Vishal_Prabhakar_Kumbhare/pan_img.jpg','Kanhaiya Kirana and Dhanya Bhandar','922020004679038','UTIB0002011','Axis Bank LTD','WADI','Media/Client/55_Vishal_Prabhakar_Kumbhare/bank_proof_img.jpg','Approved','','2025-03-06 12:40:03','2025-03-06 13:02:46',55,NULL),(18,'241285433979','ADIPV0075G','Media/Client/37_Nitin_Shantilalji_Vyas/adhar_front_img.jpg','Media/Client/37_Nitin_Shantilalji_Vyas/adhar_back_img.jpg','Media/Client/37_Nitin_Shantilalji_Vyas/pan_img.jpg','OM SAI SWEETS AND FARSAN ','31660200001021','BARB0WADNAG','Bank of Baroda','Wadi','Media/Client/37_Nitin_Shantilalji_Vyas/bank_proof_img.jpg','Approved','','2025-03-06 13:40:04','2025-03-06 13:46:12',37,NULL),(19,'519303947171','BADPP5322E','Media/Client/56_Pramod_Motiram_Pardhi/adhar_front_img.jpg','Media/Client/56_Pramod_Motiram_Pardhi/adhar_back_img.jpg','Media/Client/56_Pramod_Motiram_Pardhi/pan_img.jpg','Pramod Motiram Pardhi ','20002711605','SBIN0010314','State Bank India ','Tulani Chowk Defence ','Media/Client/56_Pramod_Motiram_Pardhi/bank_proof_img.jpg','Approved','','2025-03-07 05:25:24','2025-03-07 05:37:24',56,NULL),(20,'178145123690','BIXPV1245B','Media/Client/57_Daksh_sumit_Chavhan/adhar_front_img.jpg','Media/Client/57_Daksh_sumit_Chavhan/adhar_back_img.jpg','Media/Client/57_Daksh_sumit_Chavhan/pan_img.jpg','Daksh Sumit Chavhan ','45678901244','Sbin1234567890','State Bank of India ','parliament House Delhi','Media/Client/57_Daksh_sumit_Chavhan/bank_proof_img.jpg','On Review',NULL,'2025-03-08 15:04:23','2025-03-08 15:04:23',57,NULL),(21,'861106693663','AGQPJ5506L','Media/Client/58_Dinesh_Govind_Jaiswal/adhar_front_img.jpg','Media/Client/58_Dinesh_Govind_Jaiswal/adhar_back_img.jpg','Media/Client/58_Dinesh_Govind_Jaiswal/pan_img.jpg','Dinesh Govind Jaiswal ','10164854713','SBIN0003678','State Bank of India ','vayu Sena Nagar Nagpur','Media/Client/58_Dinesh_Govind_Jaiswal/bank_proof_img.jpg','On Review',NULL,'2025-03-10 08:10:57','2025-03-10 08:10:57',58,NULL),(22,'481911059605','AWXPK7589D','Media/Client/61_Shyam_Arunrao_Kashikar/adhar_front_img.jpg','Media/Client/61_Shyam_Arunrao_Kashikar/adhar_back_img.jpg','Media/Client/61_Shyam_Arunrao_Kashikar/pan_img.jpg','KASHIKAR SHYAM ARUN','31660100008767','BARBoWADNAG','Bank of Baroda','Wadi','Media/Client/61_Shyam_Arunrao_Kashikar/bank_proof_img.jpg','Approved','','2025-03-20 10:38:46','2025-03-20 11:17:40',61,NULL),(23,'833309952173','BTTPC0312E','Media/Client/65_Bhagyashree_Sumit_Chavhan/adhar_front_img.jpg','Media/Client/65_Bhagyashree_Sumit_Chavhan/adhar_back_img.jpg','Media/Client/65_Bhagyashree_Sumit_Chavhan/pan_img.jpg','Bhagyashree Sumit Chavhan','51432250049660','CNRB0015143','Canara Bank','Lawa','Media/Client/65_Bhagyashree_Sumit_Chavhan/bank_proof_img.jpg','Approved','','2025-03-20 10:57:53','2025-03-20 11:31:36',65,NULL),(24,'586291699967','BEQPG6341P','Media/Client/67_Rameshchandra_Ramraj_Gupta/adhar_front_img.jpg','Media/Client/67_Rameshchandra_Ramraj_Gupta/adhar_back_img.jpg','Media/Client/67_Rameshchandra_Ramraj_Gupta/pan_img.jpg','BOMBAY CHIWADA CENTER AND BHEL','2121252035174458','AUBL0002520','AU Small Finance Bank','Ramdaspeth','Media/Client/67_Rameshchandra_Ramraj_Gupta/bank_proof_img.jpg','Approved','','2025-03-21 03:11:35','2025-03-21 03:23:23',67,NULL),(25,'567846831564','BUEPL4862J','Media/Client/32_Hathiram___Choudhary/adhar_front_img.jpg','Media/Client/32_Hathiram___Choudhary/adhar_back_img.jpg','Media/Client/32_Hathiram___Choudhary/pan_img.jpg','Hathiram Chaudhari','37463518283','SBIKN57474','SBI','koradi','Media/Client/32_Hathiram___Choudhary/bank_proof_img.jpg','On Review',NULL,'2025-04-11 02:26:48','2025-04-11 02:26:48',32,NULL),(26,'986576456826','HDJDH5755F','Media/Client/49_Purushottam_Bhoyar_Bhoyar/adhar_front_img.jpg','Media/Client/49_Purushottam_Bhoyar_Bhoyar/adhar_back_img.jpg','Media/Client/49_Purushottam_Bhoyar_Bhoyar/pan_img.jpg','to','go','DJ','DJ','DJ','Media/Client/49_Purushottam_Bhoyar_Bhoyar/bank_proof_img.jpg','On Review',NULL,'2025-04-11 02:32:51','2025-04-11 02:32:51',49,NULL),(27,'852390217193','BYEPB9113N','Media/Client/70_Pallavi_Sangram_Bhoyate/adhar_front_img.jpg','Media/Client/70_Pallavi_Sangram_Bhoyate/adhar_back_img.jpg','Media/Client/70_Pallavi_Sangram_Bhoyate/pan_img.jpg','PALLAVI SANGRAM BHOYATE ','7458000100037014','PUNB0745800','PUNJAB NATIONAL BANK','Wadi','Media/Client/70_Pallavi_Sangram_Bhoyate/bank_proof_img.jpg','On Review',NULL,'2025-04-11 12:56:54','2025-04-11 12:56:54',70,NULL);
/*!40000 ALTER TABLE `KYC` ENABLE KEYS */;
UNLOCK TABLES;

--
-- Table structure for table `Leads`
--

DROP TABLE IF EXISTS `Leads`;
/*!40101 SET @saved_cs_client     = @@character_set_client */;
/*!50503 SET character_set_client = utf8mb4 */;
CREATE TABLE `Leads` (
  `lead_id` int NOT NULL AUTO_INCREMENT,
  `name` varchar(255) NOT NULL,
  `org_name` varchar(255) NOT NULL,
  `follow_up_date` date NOT NULL,
  `contact_date` date NOT NULL,
  `email` varchar(255) NOT NULL,
  `mobile` varchar(20) NOT NULL,
  `lead_type` enum('Display','Ads') DEFAULT NULL,
  `remark` text,
  `user_id` int NOT NULL,
  `created_at` timestamp NULL DEFAULT CURRENT_TIMESTAMP,
  `visiting_card_path` varchar(400) DEFAULT NULL,
  PRIMARY KEY (`lead_id`),
  KEY `user_id` (`user_id`),
  CONSTRAINT `Leads_ibfk_1` FOREIGN KEY (`user_id`) REFERENCES `Users` (`user_id`)
) ENGINE=InnoDB AUTO_INCREMENT=16 DEFAULT CHARSET=utf8mb4 COLLATE=utf8mb4_0900_ai_ci;
/*!40101 SET character_set_client = @saved_cs_client */;

--
-- Dumping data for table `Leads`
--

LOCK TABLES `Leads` WRITE;
/*!40000 ALTER TABLE `Leads` DISABLE KEYS */;
INSERT INTO `Leads` VALUES (1,'sdaf','sdf','2025-02-28','2025-02-12','sdf@gmail.com','9638527410','Display','Why Use FloatingActionButton.extended?\n\n Better UI: The button and text are combined, making it look cleaner.\n More compact: Doesn\'t take unnecessary space like a separate Row.\n Better UX: The button remains fixed at the bottom-right, with clear labeling.\n\nNow, the \"Add Partner\" button with text stays fixed at the bottom-right in a neat design!  Let me know if you need any further tweaks! ',41,'2025-02-12 14:20:36',NULL),(2,'Vijay','Shyam electric','2025-02-20','2025-02-15','Abhishek12345@gmail.com','9999099991','Ads','internet',34,'2025-02-15 16:10:27',NULL),(3,'my deal property','my deal property','2025-03-10','2025-03-05','','7721800072','Ads','Vardhman 1 BHK flat for New project',29,'2025-03-05 07:13:18',NULL),(4,'Dinesh Jaiswal','Sonu','2025-03-10','2025-03-05','sonujaiswal1553@gmail.com','9860441553','Display','interest call back',29,'2025-03-05 08:48:39',NULL),(5,'Vishal Sahu','shivkrupa Super Bazar','2025-03-06','2025-03-05','','9172661471','Display','',29,'2025-03-05 09:06:08',NULL),(6,'Nivant gaukhade','Nivant class','2025-04-03','2025-03-29','nivantclass@gmail.com','9822937251','Ads','call kare',29,'2025-03-29 11:52:08',NULL),(7,'M .R Badole','Guidance Point','2025-04-11','2025-04-10','badole12@gmail.com','9850111486','Ads','call back',29,'2025-04-10 03:44:37',NULL),(8,'Dhuni construction pvt ltd','Dhuni','2025-04-12','2025-04-11','Dhuni123@gmail.com','8830256985','Ads','ads',29,'2025-04-10 18:33:29',NULL),(9,'Dr Nitesh Khonde','Parijatak Ayurvedic Clinic','2025-04-17','2025-04-16','parijatak@123@gmail.com','7263807777','Ads','call back',29,'2025-04-16 02:57:54','Media/Visiting_Cards/visiting_card_1744772274386.jpg'),(10,'NDA','Chhatrapati Shivaji Maharaj Armed forces Preparatory institute','2025-04-17','2025-04-16','nada123@gmail.com','9922337601','Ads','call back',29,'2025-04-16 03:04:26','Media/Visiting_Cards/visiting_card_1744772666216.jpg'),(11,'Davdas','pivicare Hospital','2025-05-05','2025-05-03','davdas123@Gmail.com','8087777240','Ads','intrested',29,'2025-05-03 12:16:43',NULL),(12,'Rahul wahane','Builders','2025-05-13','2025-05-12','rahul 1234@Gmail.com','8600141522','Ads','internet call on 12 may',29,'2025-05-12 10:42:00',NULL),(13,'Dr Anas N.s','dental clinic','2025-05-15','2025-05-12','ansd123@Gmail.com','7382105254','Ads','intrested call on 15 may',29,'2025-05-12 11:48:37',NULL),(14,'Sahu bhajiwala','sahu Bhajiwala','2025-05-26','2025-05-24','','7620164129','Display','interested',29,'2025-05-24 08:34:48',NULL),(15,'Ramkrishna','New  new fashion Big Bazaar','2025-07-15','2025-07-14','fashion Big Bazar','9604618692','Ads','Interneted',29,'2025-07-14 08:31:10',NULL);
/*!40000 ALTER TABLE `Leads` ENABLE KEYS */;
UNLOCK TABLES;

--
-- Table structure for table `MakeAdvertisement`
--

DROP TABLE IF EXISTS `MakeAdvertisement`;
/*!40101 SET @saved_cs_client     = @@character_set_client */;
/*!50503 SET character_set_client = utf8mb4 */;
CREATE TABLE `MakeAdvertisement` (
  `make_ad_id` int NOT NULL AUTO_INCREMENT,
  `make_ad_campaign_name` varchar(500) NOT NULL,
  `make_ad_type` enum('IMAGE','VIDEO') NOT NULL,
  `make_ad_path` varchar(100) DEFAULT NULL,
  `make_ad_description` text,
  `make_ad_goal` enum('Brand awareness','Lead generation','Sales conversions','Event promotion','Product/service launch') NOT NULL,
  `make_ad_status` enum('Approved','Rejected','On Review','Published','Expire') DEFAULT 'On Review',
  `business_type_id` int NOT NULL,
  `budget` int DEFAULT NULL,
  `user_id` int NOT NULL,
  PRIMARY KEY (`make_ad_id`),
  KEY `user_id` (`user_id`),
  CONSTRAINT `MakeAdvertisement_ibfk_1` FOREIGN KEY (`user_id`) REFERENCES `Users` (`user_id`)
) ENGINE=InnoDB AUTO_INCREMENT=100000 DEFAULT CHARSET=utf8mb4 COLLATE=utf8mb4_0900_ai_ci;
/*!40101 SET character_set_client = @saved_cs_client */;

--
-- Dumping data for table `MakeAdvertisement`
--

LOCK TABLES `MakeAdvertisement` WRITE;
/*!40000 ALTER TABLE `MakeAdvertisement` DISABLE KEYS */;
/*!40000 ALTER TABLE `MakeAdvertisement` ENABLE KEYS */;
UNLOCK TABLES;

--
-- Table structure for table `ManualInvoice`
--

DROP TABLE IF EXISTS `ManualInvoice`;
/*!40101 SET @saved_cs_client     = @@character_set_client */;
/*!50503 SET character_set_client = utf8mb4 */;
CREATE TABLE `ManualInvoice` (
  `invoice_id` int NOT NULL AUTO_INCREMENT,
  `ads_id` int DEFAULT NULL,
  `client_name` varchar(255) DEFAULT NULL,
  `mobile` varchar(15) DEFAULT NULL,
  `address` varchar(300) DEFAULT NULL,
  `no_of_display` int DEFAULT NULL,
  `no_of_days` int DEFAULT NULL,
  `campaign_name` varchar(255) DEFAULT NULL,
  `start_date` date DEFAULT NULL,
  `end_date` date DEFAULT NULL,
  `amount` decimal(10,2) DEFAULT NULL,
  `display_type` varchar(255) DEFAULT NULL,
  `display_charge` decimal(10,2) DEFAULT NULL,
  `discount` decimal(10,2) DEFAULT NULL,
  `gst` decimal(10,2) DEFAULT NULL,
  `total_amount` decimal(10,2) DEFAULT NULL,
  PRIMARY KEY (`invoice_id`)
) ENGINE=InnoDB AUTO_INCREMENT=6 DEFAULT CHARSET=utf8mb4 COLLATE=utf8mb4_0900_ai_ci;
/*!40101 SET character_set_client = @saved_cs_client */;

--
-- Dumping data for table `ManualInvoice`
--

LOCK TABLES `ManualInvoice` WRITE;
/*!40000 ALTER TABLE `ManualInvoice` DISABLE KEYS */;
/*!40000 ALTER TABLE `ManualInvoice` ENABLE KEYS */;
UNLOCK TABLES;

--
-- Table structure for table `OtpVerification`
--

DROP TABLE IF EXISTS `OtpVerification`;
/*!40101 SET @saved_cs_client     = @@character_set_client */;
/*!50503 SET character_set_client = utf8mb4 */;
CREATE TABLE `OtpVerification` (
  `mobile_no_or_email` varchar(100) NOT NULL,
  `otp` varchar(100) NOT NULL,
  `expire_time` timestamp NOT NULL,
  `verified` varchar(10) DEFAULT NULL
) ENGINE=InnoDB DEFAULT CHARSET=utf8mb4 COLLATE=utf8mb4_0900_ai_ci;
/*!40101 SET character_set_client = @saved_cs_client */;

--
-- Dumping data for table `OtpVerification`
--

LOCK TABLES `OtpVerification` WRITE;
/*!40000 ALTER TABLE `OtpVerification` DISABLE KEYS */;
INSERT INTO `OtpVerification` VALUES ('7777777777','$2b$12$.wxpBJjoXBTJBKZwtgzTP.rL5/AqjiqkpuG7RKWKRgTU2yg1n..Gq','2025-03-12 11:49:50','0'),('6958472583','$2b$12$aEAKX.LU/YziNSohL7/Qoefm/HTEigioqU9bGiVa3p.VtaTE.dEnm','2025-02-04 15:42:36','1'),('21070442@ycce.in','$2b$12$fCjGVqYLQ8cYx/a7pXhsauxuqFVK3TXgsku8kVXvN7T7IWfnmR7cO','2025-01-27 13:41:04','1'),('3','$2b$12$8F3m92H1pWYwaCiUFhrzO.EgdEiHluI8iupRNTezm2z.VzJ19hk2e','2025-01-31 05:51:40','1'),('7709869270','$2b$12$PLv2xo1qjzVRPdeh5njJQe.TpOlcz171bIqnBd3Ddlq/NzF6FpLS6','2025-05-10 16:09:41','1'),('1','$2b$12$ehNI8zK1/jSOu8Dl8RUHiup0ZkUdI8Sbpk7F4GjAkaV.Ic4SqC//i','2025-01-28 10:08:26','1'),('7387383511','$2b$12$GGwAa5ejpyfpushJWzGiBuHrS8Gc9FQdOvXgxc1GsnEH5fdJztKSy','2025-07-12 20:33:05','1'),('swaransh0701@gmail.com','$2b$12$3y60rtA6631KOffgq4aYF.RjnML10qhehe/qVZ/kmVypvGADtNKoq','2025-01-28 09:21:41','1'),('7796800678','$2b$12$fa.osjRimb0X5RUrt0SsDO3AVeCXvAPFSTMPZklCrvgDbTXhayHAG','2025-03-29 06:52:55','1'),('hathiram@gmail.com','$2b$12$Ufqfzo1tHE10mxcxmGL/Au.55nYLK5D/odVyWm.vtYruP3UAlFEZm','2025-01-31 15:08:09','1'),('8956231475','$2b$12$fH5pJv5EkjH5P2xswCL3nu8ypw216yhEi9jnhGZrZJwajuGv5Tt9W','2025-02-20 18:25:35','1'),('hdh@gmail.com','$2b$12$1Cm0blE4/Vi.qXSgBVCxoeBfFHToTRlDE7fvrCl15Pxy351LU855q','2025-01-31 15:15:42','1'),('100001','$2b$12$HyV1bBsbnjys2CvE6Ej1ZeMAaXp9jpsUG0/WGlxoAYXNdTgLmP7am','2025-07-03 14:50:42','1'),('100002','$2b$12$1XgFn2bIOHWg.HicAH0N2eCjc96qQvHvh/RBI4hYiz77yFiJKK9I.','2025-02-01 16:40:44','1'),('7823066105','$2b$12$Vh6lemUpAk7vB/bQPXQWf.0kygQ6Y.zLDAgYCt.3WRanXNHRUw25m','2025-07-12 18:18:48','1'),('sumitaj2350@gmail.com','$2b$12$fWaFLAPWgrnG9I763daup.Ne6TuxNIi1WAyy9eA8AgrCY4z.BSaGK','2025-02-15 06:01:53','1'),('100003','$2b$12$.KB2hebmJB0PYT1xRnSNfOLG8XdWE6Dm5E0RakZSB9oIKi3eACUme','2025-07-13 05:08:25','1'),('9028518729','$2b$12$IyZSv1oXXPMPkGFUtKSReu3qtawgI2nhbdcWP4p0vesaKts3RGpKK','2025-03-22 05:53:20','1'),('nitinsvyas06@gmail.com','$2b$12$V8JlFl2XM1c/.nivUlLpHOSrFjs.VqURB13FuFzjm3dxv2utK3PTS','2025-02-10 18:29:18','1'),('6543217890','$2b$12$CXUJQvXrB9xTezV/QC8pteXEbfnMyP6NFcGe0z7cCWKVdy6AIKeJu','2025-02-10 10:50:31',NULL),('9999099999','$2b$12$R0S8L91sRfBHli5kTR0SFO2ABBPsHqnkMiJaKu.8P1hy.S6I2MbfO','2025-02-10 11:51:18','1'),('sumitaj501@ybl.com','$2b$12$Dhc4bTnng4pACqcfzyUoaO2VWxq9EC2owu08N0ThSnc5HrNAgI/RO','2025-02-10 11:52:25','1'),('9658658968','$2b$12$TSZa/58WYP3dUZT5e2LRAOLlK81j0OVK71ujCscELUXkOf.fnrtc.','2025-02-10 16:19:12','1'),('dgsh@g.in','$2b$12$SIPLV.r/..JwNAy.r5BGxefflTrgFoGkDkiN6tl/aAr79GnSyAWIW','2025-02-10 16:19:41','1'),('9890114131','$2b$12$lDsuOXs0CqMOXrutM7JCyOQkJO476fti49KlPfSgG7Nswp2.A9Xgu','2025-05-18 03:34:48','1'),('9999099995','$2b$12$wtZ5h7ITA0Kbv54vt9Zg4O8BUDihsOEdptZYuxAO6k5NSM0gW6Un.','2025-02-11 04:33:25','1'),('9090909090','$2b$12$Ntnxt2R26D7CzFylRSy4ReNFezMATCoNcClVwIGtLdSQc79hRhHxG','2025-02-11 05:15:25','0'),('9090903632','$2b$12$FMo2sIUP482xTZXsL1dxGOJfCAe3L.2WTJjqgiZEhMtbQtvU4Fe1W','2025-02-15 06:17:37','1'),('saienterprises2350@gmail.com','$2b$12$lmXfGr7TE2jXDj8FKdLQc.x8QK1CxvNqhDtn0MPoe/P84gLyzTFOm','2025-03-20 10:03:57','0'),('100004','$2b$12$Scbbb8Fjm8hkDWBrg33o9uIRtg7hqyziXbsNyneW1yK/VeHDsl7uu','2025-02-15 01:49:44','1'),('7350018786','$2b$12$AxBbv93sS7PyEnGw0JQVTeSKbPj08gkUPjWcoHEcNX4EfRQfxFx/q','2025-02-18 08:56:48','1'),('dharampethms@gmail.com','$2b$12$ieYIb9cy838shwr7k/ayN.92MCdd2WsdLlzatFOEDzRs3ptthXdom','2025-02-11 07:32:39','1'),('100005','$2b$12$8eJhZURYY/h6Ga3gmk26tedsgjXsCp7ktCGWN8j.tQbsnlc/Fzwyq','2025-02-15 05:16:46','1'),('9638527410','$2b$12$7/v4pISlXuABV9AnnmrD5OMHcFYTG.eOT5BCYeEW.1u6eCk3PzFOu','2025-02-21 04:56:36','1'),('8308354837','$2b$12$0ipjo7C44yNh2s0qV8m7fOF2x0FPxPii8Jj6/nlUfmnpv.Q9Dive.','2025-02-23 08:11:52','1'),('akatkhede@gmail.com','$2b$12$n3co8wELyNMampnDwb4qr.7ePhwwuCB1mIrNQX/ZUfiW.656W1sKq','2025-02-15 00:39:08','1'),('9696935528','$2b$12$MmE37LSn8OUH91AE6kNUm.L3ZGN/.To2wTqMYSts9I620lYvAabB2','2025-02-15 04:45:18','1'),('gn@g.in','$2b$12$XN0N6ibbN1Czrxrh1YF4q.V6ynNjluZTTCPCLsTjOvKSGe9a.gVJK','2025-02-15 04:46:36','1'),('9090999999','$2b$12$cVPo6zy1VTeaan5GlPQ4eeBY8JOKkNXfmRWXkuV4F8ZjUHpQF9qwK','2025-02-15 05:59:34','1'),('8888634101','$2b$12$JbYqm7fDcLWhyW3DZJyWW.HdhxJkGvLY0e09n4x.uNs035xVDgtXe','2025-03-20 16:23:05','1'),('pundlik.bhorkar111@gmail.com','$2b$12$0AMP79uwBiQsMitYJ4nY3urlmeJv78SV2uAqVltmgnKGLfXABFnbu','2025-02-20 12:13:55','1'),('7823066106','$2b$12$ornV1Z1.7S6DAP097gWJrei266IIBXxtycy/wk4Y1HTMN7rO856YW','2025-02-21 05:07:01','1'),('8208110352','$2b$12$5RswO/.Q59psLKv8nfNax.giJji44ZuzsEJu0c6P.3ZHe2a9E3eza','2025-03-03 12:59:50','1'),('sewakgopal@gmail.com','$2b$12$tzaNCvX3fRVKsGS5IxduY.M38.UOAUvHdoLk1OgmypUHGM8FEC5Ni','2025-02-21 18:03:53','1'),('7709869963','$2b$12$T5Hnh0EeWiWv6Y2kuSsd6u5M/CwfXTFsKXMNyL2u7.YVg0b13fRU2','2025-03-29 09:54:50','1'),('9545251032','$2b$12$iAp4W2xrbdbsHhdA1pWtr.0XhfRGm4iNkM88N3YkrKi6OzD9kWRyW','2025-02-22 02:06:17','1'),('pbb@gmail.com','$2b$12$F0MnT8NkxArD467ruISn1.RukuFYhPINgYppRxTvGfimyUF8H31Ki','2025-02-22 02:07:12','1'),('100010','$2b$12$FMFNP3k/TAYpuqO2YSzWOeMnZnWUUg0/PbnBXAUy7BP14wyO3CEhS','2025-05-25 08:42:05','1'),('8975455875','$2b$12$mpGwU0SoWJ5q0U2O9TK7guF5j6iw7Hh3G8idDYeglxRtqgts3HFSu','2025-03-07 06:07:43','1'),('lavkushgupta386@gmail.com','$2b$12$Pkv.e.AQTGbJtWgJo8ewr.z6D4WAkp1qu9rqUI0ckj6ZNQtmxmGWW','2025-02-23 14:44:44','1'),('9822240861','$2b$12$Bc6sveV.np2RkC4sQiplJOkt.dkfANBHG183CmzWK3YzUTejByxlq','2025-03-03 13:50:20','1'),('mazumdarruma.rm@gmail.com','$2b$12$gzpkjLsxWpS5/PxrAqXVduIQnpaCVVPAWaIzp0QvmkplntNLxBrui','2025-03-02 07:40:50','1'),('lkmvision1@gmail.com','$2b$12$1gfM7PRDziU9wcCEnkSfR.cXCwH1mZdYTgP7dXs3rwvMFJMdeMGCa','2025-03-02 08:18:10','1'),('8087125255','$2b$12$Y39884TWyvdU8k.KmejMOOhHg/WzSy7xnlfkkGoiq9N985yd52Xze','2025-03-04 16:24:59','1'),('parikshitthakre04@gmail.com','$2b$12$gGN2nQxls2oFd6/G8mB.lOlXXAAgR73VxRjxncFWpeynAH80h0QDu','2025-03-02 11:50:58','1'),('8446655725','$2b$12$ZeIaZjuBtMpYC9W2Nya2JuwXuBge2Glqzmysvo/mYG9xl0JQIDBIq','2025-03-04 15:12:21','1'),('vijaygore026@gmail.com','$2b$12$FgTNem3t8MfqouGR4D//bOykAblhbzIN5Dvc5nMxD71lfbc0rT9PC','2025-03-02 13:10:17','1'),('9970906140','$2b$12$uq4Wo6Lzze5xABNo5NBKsO4eUq5DquxCXhIOlLYX5XNHKFCningR.','2025-03-02 13:33:33','1'),('100011','$2b$12$u6PxUAvrcwv8C5l0g0r/VuqcNREDRiVudfw1Hi8j4YfcmG30B1B7K','2025-06-01 09:14:58','0'),('9503946997','$2b$12$S0HwfUWbsJImwz.sLS4SV.uRG9AZCaQjhtFbPSjFcsXFdqLlRlu8y','2025-03-03 12:58:49','1'),('100013','$2b$12$rcD9bq/oSS3IqUr4hx/FXOPQazQ8ZnpX./s6Vm7GPHp73uoeosZMG','2025-06-13 14:15:58','1'),('100016','$2b$12$y0Zsx/so39updGispaDB6u2Bvc7BIkQSKBTJTXHse2DR.aFLr6P5S','2025-07-12 18:20:12','0'),('100015','$2b$12$.qi2b0NCvJQntKKxbNH08uWP9tsMqIwgrhF4LdpELsQQkphglS4Ta','2025-06-01 09:16:38','1'),('8668471966','$2b$12$lsekNjS0rtGO8mXw.KaG2OhMCZOfU8VQGh9ZNJ/CdqTcSA0IkQXd6','2025-03-05 14:47:28','1'),('Vishalkumbhare814@gmail.com','$2b$12$CRtVk49jHAzZD8LaP8yoPukPBdwTAzAff.rcjaDEHFNxMUVTpxeZO','2025-03-05 14:49:30','1'),('9767320089','$2b$12$r47y2Mr6EcSTj6hqaSerleaqSRYZuLtcU1R/vaQg5mOQ3SpBu5hU.','2025-03-12 02:16:14','0'),('pramodpardhi8166@gmail.com','$2b$12$um2beA7ts3m6sucQ9v72DOYMJPWLhEFyYbfMtOcE3RVodr9hdDdSK','2025-03-06 14:06:18','1'),('100012','$2b$12$IWMgYmCCLLclv/1r7PSgXuZzV32kFkYMjQAnMdoqZROZVT9wVb8EW','2025-06-01 10:00:33','1'),('100014','$2b$12$0uuLN1wgd1fGr6yqO/VbPu3DuV6qmbxtMI3LbDfH.naJR..yI4BQG','2025-07-03 14:39:47','1'),('100019','$2b$12$tmkz5hX.84hjxjeO2sjTVu6HFQG1.avR6qkmrqoj6XpS6ju8SK/WC','2025-06-16 15:55:31','1'),('7381256450','$2b$12$7Wj5H4OBItps5AXpRBr4quqntIICOP71.owaf6H67c.fGlSCrgTKy','2025-03-08 14:49:03','1'),('9860441553','$2b$12$9dBdjn0Rx3uRj6ADNeS8/eJSwgsvBeIEuGMd41b9JenfbBrKP6lqO','2025-03-10 08:24:33','1'),('sonujaiswal1553@gmail.com','$2b$12$STSWdGeMuGJw9bJq8Lz/3.bczPpHMDJ/HGu2mHPq02AJ/0KXX.9au','2025-03-10 07:59:04','1'),('100018','$2b$12$pZ7R0.r1mdAbe6DCmZfX1.ugdCZ01KrGjjoWXtP0vg1nUrut6Qvgy','2025-06-05 14:28:28','1'),('100006','$2b$12$8cX./blo4Jaf1WSqqb4X0uTX/3vn8SMm9k0pHjimtfIgubyzHY.ZW','2025-05-11 04:30:52','1'),('100017','$2b$12$Egm5CjbIgVCv3vFftERZD.Di.acXiTzr6HVpwUjHnE/IAYANy5fKa','2025-06-12 08:34:03','1'),('9970834652','$2b$12$WrUQ1zJqXtfdF3IlkOTMreBHRln7aiax3WY6IVEWKz080uQyiSBfS','2025-03-20 16:31:23','1'),('Rameshgupta13051981@gmail.com','$2b$12$5.TxgkrLetU/esxwJBHLYec3Q2.G5gT.LXq6XarMvNApsM3dFP3Wy','2025-03-20 16:34:31','1'),('8600662786','$2b$12$s6r2Blm4NO1qjWXZakqNSOXC7MxGnFgHYvTx7pTmX89q375gMfxf2','2025-05-04 03:35:14','1'),('kalpadeep.md@gmail.com','$2b$12$Dgo3neqSf6jtOHeenhI/JO/jWOXjhl7u0yYyLAGM5trO.b/Tlkvru','2025-03-20 07:32:18','1'),('7706869270','$2b$12$2o9eJJs62HgRa0NzfI/sP.MM8mKWFmKZnucOFYRhMV2/HDhzYRAES','2025-03-19 12:15:34',NULL),('7972776880','$2b$12$JcZuZOg3RJukkeOyzJeOSehyBnlColYG51w3054oweiqxM521qR2W','2025-03-20 10:45:47','1'),('9307637308','$2b$12$EJ/jNPfIIhrAJDYOW0.MmO.NbbT/.dwEgvRkKYv6bzEEnKIJjJ6X.','2025-03-20 10:02:52','1'),('9960014432','$2b$12$hw9VdrYBkoI2OAu.qgluIupq3RRYxgzUPZ6SA6iRgq.ObVil4iEDi','2025-03-29 12:40:20','1'),('shyamkashikar@gmail.com','$2b$12$W9l7vWPnjaX9DV7i2vleUeBJeCfBZXWGrWoeId/H5tSjCE68RpAvu','2025-03-20 10:15:14','1'),('bhagyashree07012019@gmail.com','$2b$12$UQEkg/uIwn.6WiLna3oJLObpftI7A7Mdy8p22fkxgVbg5VxHovCOm','2025-03-20 10:48:56','1'),('7829020044','$2b$12$TYG98L/Lu26oxseEinTyH.mLpx4TBHSYMaeGKYZZJFJLfBwoEagMC','2025-03-20 11:04:10','1'),('100007','$2b$12$E1DSF/RkHzRTa8osUXPXzOJzX1b5whmNY8ru/UB3StJgy23Cfx1UC','2025-07-06 08:59:11','1'),('100022','$2b$12$t2ZsA01vSTQAspgfFR2Y.OhtRng09u/MZpTv0tA5ajbiGeFeEOmWa','2025-07-13 14:47:51','1'),('100024','$2b$12$3zpg/50ilAyb7TV/XBZGberFKwHmvbo9tJ/IkAM4c2Zlv6exgOPBi','2025-06-01 09:36:18','1'),('7218420585','$2b$12$NkuqEvXZhSW6CJjUOsXJzeSyAQHM11SkyIj/0Z/xe83H5IF4JcJXW','2025-07-16 04:25:43','1'),('9607874806','$2b$12$Bv9.kWSyQjAOnIy/2Wh7NeA1q8CkUv7A.79FYZVyZVFtVrPassq.y','2025-03-29 15:51:44','1'),('Pallavibhoyate5363@gmail.com','$2b$12$R4W13UzIIKGTQE12Duom5.SPU/7BJSmbs7jdVPN/VlBT95c.zyxz6','2025-03-29 15:55:23','1'),('100028','$2b$12$aw7SYGNGLezIH3t/A8loXuos891XhpMsPlfEjJ5euL/5YtAT.EBRK','2025-07-12 20:45:55','0'),('100029','$2b$12$KLXvKbZtry1nAWMVQSBkgOiNVpdwFUlF4Rc1b9hVONzqO6VBZWBeW','2025-04-18 16:06:13','1'),('9685743565','$2b$12$NQuPzgpHeATYBV3kxYADBu2bJaCkbbQtg1yVjh9PsxAsS5SMzDEhm','2025-04-11 02:28:53',NULL),('7709414281','$2b$12$wkHwNbxPrQ2Ri.XpNd5X8.04UNRwYCPQh3QnhlSxoFPt3Cy2cRdvS','2025-05-10 16:11:03','1'),('abhishekbhoyar171@gmail.com','$2b$12$WbD8z6uo.Egc2EeQ9zLmnOchjWkEzdFO7ytzjQgIhWR5CEtoQzLjK','2025-05-10 16:11:52',NULL),('100030','$2b$12$HH3o31RDXNTIna90ty.cIejOgIHQJsKUWqaf4MD.Rj3goCUvi/B8a','2025-05-23 15:05:44','1'),('9834304362','$2b$12$XhW/NggDNVB5mr1FGTCLaueJ6sz3NOj3UnkGRBO1sZ1caeI26n2da','2025-06-01 05:25:21','1'),('siyarammobiles1@gmail.com','$2b$12$qS8.ZdrbWTLZLL98usJCZes0vz4Te0NTUfblcEgtfxVx/055u03LC','2025-06-01 05:26:30','1'),('7218420585','$2b$12$NkuqEvXZhSW6CJjUOsXJzeSyAQHM11SkyIj/0Z/xe83H5IF4JcJXW','2025-07-16 04:25:43','1'),('7218420585','$2b$12$NkuqEvXZhSW6CJjUOsXJzeSyAQHM11SkyIj/0Z/xe83H5IF4JcJXW','2025-07-16 04:25:43','1');
/*!40000 ALTER TABLE `OtpVerification` ENABLE KEYS */;
UNLOCK TABLES;

--
-- Table structure for table `Users`
--

DROP TABLE IF EXISTS `Users`;
/*!40101 SET @saved_cs_client     = @@character_set_client */;
/*!50503 SET character_set_client = utf8mb4 */;
CREATE TABLE `Users` (
  `user_id` int NOT NULL AUTO_INCREMENT,
  `first_name` varchar(100) NOT NULL,
  `middle_name` varchar(100) DEFAULT NULL,
  `last_name` varchar(100) NOT NULL,
  `mobile` varchar(12) NOT NULL,
  `email` varchar(100) NOT NULL,
  `remark` text,
  `role` enum('Admin','Employee','Client','Hr') DEFAULT NULL,
  `status` enum('Active','Inactive','Rejected','On Review') DEFAULT 'On Review',
  `emp_id` int DEFAULT NULL,
  `password` varchar(255) DEFAULT NULL,
  `profile` varchar(400) DEFAULT NULL,
  `is_partner` tinyint(1) DEFAULT '0',
  `created_at` timestamp NOT NULL DEFAULT CURRENT_TIMESTAMP,
  `updated_at` timestamp NOT NULL DEFAULT CURRENT_TIMESTAMP ON UPDATE CURRENT_TIMESTAMP,
  PRIMARY KEY (`user_id`),
  UNIQUE KEY `unique_mobile` (`mobile`),
  UNIQUE KEY `unique_email` (`email`)
) ENGINE=InnoDB AUTO_INCREMENT=72 DEFAULT CHARSET=utf8mb4 COLLATE=utf8mb4_0900_ai_ci;
/*!40101 SET character_set_client = @saved_cs_client */;

--
-- Dumping data for table `Users`
--

LOCK TABLES `Users` WRITE;
/*!40000 ALTER TABLE `Users` DISABLE KEYS */;
INSERT INTO `Users` VALUES (1,'Abhishek','Purushottam','Bhoyar','6958472583','21070442@ycce.in',NULL,'Client','On Review',NULL,'$2y$10$xXV9xr4MByOawMSkDxu.PeaNYRztpMXOhy50sNFt4GjLwDRfT.afG',NULL,1,'2025-01-27 13:36:36','2025-05-10 15:58:05'),(28,'Tejas','Prakash','Landge','7796800675','tejaslandge21@gmail.com','csa','Admin','Active',NULL,'$2y$10$UZowrDnBbAQcca7JTxPhRuTeK2vjLWJrjUNZQyLHDf8Cixe1ayDQm','../Media/Client/28_Tejas_Prakash_Landge/documents/profile.jpg',0,'2025-01-07 09:36:15','2025-03-16 12:57:31'),(29,'Sumit','Chavhan','Employee','7387383511','swaransh0701@gmail.com',NULL,'Employee','Active',NULL,'$2y$10$Hk2SMcKZdTcHy8nxenRcWuucBRpAzrbPOui32mW/rPTgt5dfGCPzO',NULL,1,'2025-01-28 09:18:14','2025-02-21 07:29:32'),(30,'ABC','aa','d','7796800634','anthony@gmail.com','','Client','Active',NULL,'','../Media/Client/30_ABC_aa_d/documents/profile.jpeg',0,'2025-01-29 05:58:57','2025-04-15 14:19:25'),(32,'Hathiram','_','Choudhary','7218420585','hathiram@gmail.com',NULL,'Client','Active',NULL,NULL,'Media/Client/32_Hathiram___Choudhary/profile.jpg',1,'2025-01-31 15:04:28','2025-04-11 02:26:48'),(33,'Abhishek','Purushottam ','Bhoyar','7709869270','abhishekbhoyar171@gmail.com',NULL,'Employee','Active',NULL,NULL,'Media/Client/33_Abhishek_Purushottam_Bhoyar/profile.jpg',1,'2025-01-31 15:11:16','2025-05-10 15:57:32'),(34,'Swaransh','Sumit','Chavhan','7823066105','sumitaj2350@gmail.com',NULL,'Client','Active',NULL,NULL,NULL,1,'2025-02-01 18:08:37','2025-07-12 20:07:56'),(37,'Nitin','Shantilalji','Vyas','9028518729','nitinsvyas06@gmail.com',NULL,'Client','Active',29,NULL,'Media/Client/37_Nitin_Shantilalji_Vyas/profile.jpg',1,'2025-02-10 18:24:45','2025-03-06 14:42:22'),(40,'Rajendra','Shriram','Umre','7350018786','dharampethms@gmail.com',NULL,'Client','On Review',29,NULL,NULL,1,'2025-02-11 07:28:11','2025-02-11 08:28:46'),(41,'Prajwal','Purushottam','Bhoyar','7709869963','abhishekbhoyar141@gmail.com','','Employee','Active',NULL,'','',0,'2025-02-12 14:17:41','2025-06-22 15:11:49'),(42,'Sonam','Nikhil','Sonttake','8308354837','akatkhede@gmail.com',NULL,'Client','On Review',NULL,NULL,NULL,1,'2025-02-15 06:04:35','2025-02-15 06:15:18'),(45,'Pundlik','Shrawan','Bhorkar','8888634101','pundlik.bhorkar111@gmail.com',NULL,'Client','On Review',29,NULL,NULL,1,'2025-02-20 12:09:36','2025-03-20 16:21:23'),(47,'Sumit','Chavhan','(Admin)','7823023783','chavhan2350@gmail.com','','Admin','Active',NULL,'$2y$10$5rErppaJIPKMJcanVi0hieqjfydVhIOZglx1OdvJJmIoViCfnB722','../Media/Client/47_Sumit_Chavhan_(Admin)/documents/profile.png',0,'2025-02-21 07:28:53','2025-07-15 10:58:31'),(48,'Gopal','Narayan','Sewak','8208110352','sewakgopal@gmail.com',NULL,'Client','On Review',29,NULL,NULL,1,'2025-02-21 17:59:41','2025-03-03 09:38:25'),(49,'Purushottam','Bhoyar','Bhoyar','9545251032','pbb@gmail.com',NULL,'Client','On Review',41,NULL,'Media/Client/49_Purushottam_Bhoyar_Bhoyar/profile.jpg',1,'2025-02-22 02:02:25','2025-03-03 08:07:08'),(50,'LUKUSH','KEDARNATH','Gupta','8975455875','lavkushgupta386@gmail.com',NULL,'Client','On Review',29,NULL,'Media/Client/50_LUKUSH_KEDARNATH_Gupta/profile.jpg',1,'2025-02-23 14:40:24','2025-02-23 15:23:16'),(51,'Ruma','Biplab','Mazumder','9822240861','mazumdarruma.rm@gmail.com',NULL,'Client','On Review',29,NULL,'Media/Client/51_Ruma_Biplab_Mazumder/profile.jpg',1,'2025-03-02 07:36:38','2025-03-02 08:37:44'),(52,'Laxminarayan','Kishorilal','Kesarwani','9890114131','lkmvision1@gmail.com',NULL,'Client','On Review',29,NULL,'Media/Client/52_Laxminarayan_Kishorilal_Kesarwani/profile.jpg',1,'2025-03-02 08:13:32','2025-03-02 08:55:03'),(53,'Parikshit','Gajananrao','Thakre','8087125255','parikshitthakre04@gmail.com',NULL,'Client','On Review',29,NULL,'Media/Client/53_Parikshit_Gajananrao_Thakre/profile.jpg',1,'2025-03-02 11:46:31','2025-03-03 10:11:30'),(54,'Vijay','Abhay','Gore','8446655725','vijaygore026@gmail.com',NULL,'Client','On Review',29,NULL,'Media/Client/54_Vijay_Abhay_Gore/profile.jpg',1,'2025-03-02 13:05:44','2025-03-03 10:24:54'),(55,'Vishal','Prabhakar','Kumbhare','8668471966','Vishalkumbhare814@gmail.com',NULL,'Client','On Review',29,NULL,'Media/Client/55_Vishal_Prabhakar_Kumbhare/profile.jpg',1,'2025-03-05 14:44:57','2025-03-06 12:59:21'),(56,'Pramod','Motiram','Pardhi','9767320089','pramodpardhi8166@gmail.com',NULL,'Client','Active',29,NULL,'Media/Client/56_Pramod_Motiram_Pardhi/profile.jpg',1,'2025-03-06 14:01:54','2025-03-07 05:38:42'),(57,'Daksh','sumit','Chavhan','7381256450','saienterprises2350@gmail.com',NULL,'Client','On Review',NULL,NULL,'Media/Client/57_Daksh_sumit_Chavhan/profile.jpg',1,'2025-03-08 14:47:10','2025-03-08 15:04:23'),(58,'Dinesh','Govind','Jaiswal','9860441553','sonujaiswal1553@gmail.com',NULL,'Client','On Review',29,NULL,'Media/Client/58_Dinesh_Govind_Jaiswal/profile.jpg',1,'2025-03-10 07:54:46','2025-03-10 08:10:57'),(59,'Harshu','Dilip','Gaikwad','8600662786','kalpadeep.md@gmail.com',NULL,'Client','On Review',NULL,NULL,NULL,0,'2025-03-20 07:27:34','2025-03-20 07:27:34'),(61,'Shyam','Arunrao','Kashikar','9960014432','shyamkashikar@gmail.com',NULL,'Client','On Review',29,NULL,'Media/Client/61_Shyam_Arunrao_Kashikar/profile.jpg',1,'2025-03-20 10:10:44','2025-03-20 10:38:46'),(65,'Bhagyashree','Sumit','Chavhan','7972776880','bhagyashree07012019@gmail.com',NULL,'Client','On Review',29,NULL,'Media/Client/65_Bhagyashree_Sumit_Chavhan/profile.jpg',1,'2025-03-20 10:44:24','2025-03-20 12:25:39'),(67,'Rameshchandra','Ramraj','Gupta','9970834652','rameshgupta13051981@gmail.com',NULL,'Client','On Review',29,NULL,'Media/Client/67_Rameshchandra_Ramraj_Gupta/profile.jpg',1,'2025-03-20 16:31:58','2025-03-21 03:11:35'),(70,'Pallavi','Sangram','Bhoyate','9607874806','Pallavibhoyate5363@gmail.com',NULL,'Client','On Review',29,NULL,'Media/Client/70_Pallavi_Sangram_Bhoyate/profile.jpg',1,'2025-03-29 15:52:41','2025-04-17 03:40:39'),(71,'Vijay','V','Kumar','9834304362','siyarammobiles1@gmail.com',NULL,'Client','On Review',NULL,NULL,NULL,0,'2025-06-01 05:22:20','2025-06-01 05:22:20');
/*!40000 ALTER TABLE `Users` ENABLE KEYS */;
UNLOCK TABLES;

--
-- Table structure for table `display_locations`
--

DROP TABLE IF EXISTS `display_locations`;
/*!40101 SET @saved_cs_client     = @@character_set_client */;
/*!50503 SET character_set_client = utf8mb4 */;
CREATE TABLE `display_locations` (
  `id` int NOT NULL AUTO_INCREMENT,
  `shop_name` varchar(255) COLLATE utf8mb4_general_ci NOT NULL,
  `address` text COLLATE utf8mb4_general_ci NOT NULL,
  `location` text COLLATE utf8mb4_general_ci,
  `pincode` varchar(10) COLLATE utf8mb4_general_ci NOT NULL,
  `video` text COLLATE utf8mb4_general_ci,
  PRIMARY KEY (`id`)
) ENGINE=InnoDB AUTO_INCREMENT=31 DEFAULT CHARSET=utf8mb4 COLLATE=utf8mb4_general_ci;
/*!40101 SET character_set_client = @saved_cs_client */;

--
-- Dumping data for table `display_locations`
--

LOCK TABLES `display_locations` WRITE;
/*!40000 ALTER TABLE `display_locations` DISABLE KEYS */;
INSERT INTO `display_locations` VALUES (10,'Laxmi Medical ','Sainik chauk dattawadi','https://maps.app.goo.gl/LNtyv1a51hZD3m8B7','440023','uploads/6784f625b97ec1000446471.mp4'),(12,'Vishal Kirana ','Gajanan society dattawadi','https://maps.app.goo.gl/DADDDEcGRWLyU8dM9','440023','uploads/678c4fbde97541000488271.mp4'),(15,'Prajapati chat centre','Shop No - 2, Prajapati chat Bhandar, , Duttawadi, Nagpur, Maharashtra 440023','https://maps.app.goo.gl/bRCU2cQGouup97U89','440023','uploads/67b2feb46b5a8VID20241217193336.mp4'),(16,'Mazumder Medical Store ','Shop No.7, Aditya Tower, Old MSEB Road, Amrawati Road, Dattawadi,, Nagpur, Maharashtra 440023','https://maps.app.goo.gl/9To1xCnU8T6zTTyW8','440023','uploads/67b3857ee3253VID20250217203558.mp4'),(17,'Radha Krishna Pan palace','Amravati road Naka number 10 near Bombay restaurant','https://maps.app.goo.gl/CzDK4yAnkJpC5nqw5','440023','uploads/67b386f128746VID20250217194834.mp4'),(18,'Om Sai sweet and farsan','Om Sai Enclave, SH260, Tawakkal Layout, Near Tata Motors, Wadi, Nagpur, Maharashtra 440023','https://maps.app.goo.gl/u4fg5StAigc251SR7','440023','uploads/67b387ac37f2fVID20250217200852.mp4'),(19,'Subodh Book Centre and stationery','Shop No. 2, Khadgaon Rd, Sadhna Market, Duttawadi, Nagpur, Maharashtra 440023','https://maps.app.goo.gl/9hwYpdMamEfbTfUb6','440023','uploads/67b3886e9640fVID20250217201626.mp4'),(20,'mahaveer kirana and aata chakki',', Khadgaon Road, tekdi Wadi,opposite site SBI ATM Nagpur, Nagpur, Maharashtra 440023','https://maps.app.goo.gl/jii8PJU1gqkB51Md7','440023','uploads/67b389614af7aVID20250112201912.mp4'),(21,'Sai Kiran ','Amravati road near Bank of Maharashtra','','440023','uploads/67b38aadd3a65VID20250217195531.mp4'),(23,'Kanhaiya kirana and Dhanya Bhandar ','khadgaon Road Near madina chicken centre sonba Nagar Wadi','  https://g.co/kgs/673z855','440023','uploads/67b84ef3489cdVID20250217210742.mp4'),(26,'Pardhi Vegetable ',' Amravati Rd, Maruti Nagar, Duttawadi, Nagpur, Maharashtra 440023','Sugandha Mobile 097667 73431   https://g.co/kgs/e1FSGDQ','440023','uploads/67b8478a36339VID20250112205452.mp4'),(27,'Tathastu Restaurant','kodagaon Road opp P. D Hospital Wadi Nagpur ',' 093257 27845   https://g.co/kgs/673z855','440023','uploads/67b84dda2f80520250221_151206_0001.mp4'),(28,'S. N Mart ','Hill top, 8 mile, collony, Davlameti, Nagpur, Maharashtra 440023\r\n9.9 km','https://maps.app.goo.gl/MCG7SBVdx5ZETQP58','440023','uploads/67da9876cf3e320250319_153752_0002.mp4'),(30,'Ramesh chiwda wal','Khadgaon road opp sbi atm Wadi','https://maps.app.goo.gl/xgKEi92MTpdxuVVv9','440023','uploads/67e519ce37009VID20250325194309.mp4');
/*!40000 ALTER TABLE `display_locations` ENABLE KEYS */;
UNLOCK TABLES;

--
-- Table structure for table `forgot_pass`
--

DROP TABLE IF EXISTS `forgot_pass`;
/*!40101 SET @saved_cs_client     = @@character_set_client */;
/*!50503 SET character_set_client = utf8mb4 */;
CREATE TABLE `forgot_pass` (
  `id` int NOT NULL AUTO_INCREMENT,
  `user_id` int NOT NULL,
  `reset_token` varchar(255) NOT NULL,
  `created_at` timestamp NOT NULL DEFAULT CURRENT_TIMESTAMP,
  `expires_at` timestamp NULL DEFAULT NULL,
  `is_used` tinyint(1) DEFAULT '0',
  PRIMARY KEY (`id`)
) ENGINE=InnoDB AUTO_INCREMENT=27 DEFAULT CHARSET=utf8mb4 COLLATE=utf8mb4_0900_ai_ci;
/*!40101 SET character_set_client = @saved_cs_client */;

--
-- Dumping data for table `forgot_pass`
--

LOCK TABLES `forgot_pass` WRITE;
/*!40000 ALTER TABLE `forgot_pass` DISABLE KEYS */;
INSERT INTO `forgot_pass` VALUES (1,29,'8cc2b5b28fa7c7c83d2c76e290d91c5f','2025-01-29 07:28:25','2025-01-29 13:58:25',1),(2,29,'3e651f201498374a70fd82330fe28a56','2025-02-01 19:14:57','2025-02-02 01:44:57',0),(3,28,'e598c6969aa86919097f75b384952785','2025-02-02 02:50:00','2025-02-02 09:20:00',0),(4,28,'116897ae37de1dd996d63f235fbc909b','2025-02-02 02:52:32','2025-02-02 09:22:32',1),(5,29,'63d3dfc540b2f02b658e3e5d35268466','2025-02-10 10:46:26','2025-02-10 17:16:26',1),(6,29,'f09a91642276df57dbda6b1c0ee27b9c','2025-02-10 11:01:57','2025-02-10 17:31:57',0),(7,29,'93f31382aa7cf6f6df104246c1e31884','2025-02-10 18:31:56','2025-02-11 01:01:56',1),(8,29,'2488e4cf439424329207e85cf9336b53','2025-02-10 18:35:01','2025-02-11 01:05:01',1),(9,1,'43c935cf86f32c654837448513c62561','2025-02-11 06:01:49','2025-02-11 12:31:49',1),(10,29,'ff4ad2208dfad409830f206117f7c01b','2025-02-13 21:45:21','2025-02-13 22:45:21',1),(11,29,'305b92d244d3ed135adbd78e46f60421','2025-02-13 21:45:25','2025-02-13 22:45:25',0),(12,29,'da375cf64b45d5c32f5d82f51b7e9869','2025-02-20 17:34:48','2025-02-21 00:04:48',1),(13,29,'79a2fbaf19b4cd6aa73e836c36b04ce7','2025-02-20 17:35:49','2025-02-21 00:05:49',0),(14,47,'6f3cfcc0730db3380a8007a2f3295bd6','2025-02-21 07:30:19','2025-02-21 14:00:19',1),(15,47,'19a0a570653c0e217613d20405c07b65','2025-03-29 12:16:43','2025-03-29 18:46:43',1),(16,47,'8890af30e682547ef063726dc4d8b6f6','2025-03-29 12:16:48','2025-03-29 18:46:48',0),(17,1,'48c27cea0d39ae3735588d9217a3a4ba','2025-05-02 05:20:08','2025-05-02 11:50:08',1),(18,47,'2a6c634c7116e738e1c68255037d9407','2025-06-11 13:16:56','2025-06-11 19:46:56',1),(19,47,'feeefb25bec81773aa90968f2775513f','2025-06-25 11:10:40','2025-06-25 17:40:40',1),(20,47,'b0832dc939661cce3e3e98299970c8fc','2025-07-03 13:53:33','2025-07-03 20:23:33',1),(21,47,'d99d425f4ea0b75b12126bac666ec736','2025-07-06 13:51:16','2025-07-06 20:21:16',1),(22,47,'487b7eb707116b80a298e3755c9b0044','2025-07-12 19:30:10','2025-07-13 02:00:10',1),(23,47,'3fed39713f09376feb78a96f44f1683c','2025-07-12 19:30:13','2025-07-13 02:00:13',0),(24,47,'f96f9dbc031230972fd2e456836086ed','2025-07-12 19:32:45','2025-07-13 02:02:45',1),(25,47,'49b6eb4b1dc27245639cec8212c1199b','2025-07-15 10:56:36','2025-07-15 17:26:36',1),(26,47,'eab0c7954d19f1d3ee66e2cf8d89ac40','2025-07-15 10:56:39','2025-07-15 17:26:39',0);
/*!40000 ALTER TABLE `forgot_pass` ENABLE KEYS */;
UNLOCK TABLES;

--
-- Table structure for table `uploads`
--

DROP TABLE IF EXISTS `uploads`;
/*!40101 SET @saved_cs_client     = @@character_set_client */;
/*!50503 SET character_set_client = utf8mb4 */;
CREATE TABLE `uploads` (
  `id` int NOT NULL AUTO_INCREMENT,
  `filename` varchar(500) NOT NULL,
  `filetype` varchar(50) NOT NULL,
  `upload_time` timestamp NOT NULL DEFAULT CURRENT_TIMESTAMP,
  `ads_type` enum('app','web') NOT NULL DEFAULT 'app',
  PRIMARY KEY (`id`)
) ENGINE=InnoDB AUTO_INCREMENT=19 DEFAULT CHARSET=utf8mb4 COLLATE=utf8mb4_0900_ai_ci;
/*!40101 SET character_set_client = @saved_cs_client */;

--
-- Dumping data for table `uploads`
--

LOCK TABLES `uploads` WRITE;
/*!40000 ALTER TABLE `uploads` DISABLE KEYS */;
INSERT INTO `uploads` VALUES (11,'app_ads1740808177.png','png','2025-03-01 05:49:37','app');
/*!40000 ALTER TABLE `uploads` ENABLE KEYS */;
UNLOCK TABLES;
/*!40103 SET TIME_ZONE=@OLD_TIME_ZONE */;

/*!40101 SET SQL_MODE=@OLD_SQL_MODE */;
/*!40014 SET FOREIGN_KEY_CHECKS=@OLD_FOREIGN_KEY_CHECKS */;
/*!40014 SET UNIQUE_CHECKS=@OLD_UNIQUE_CHECKS */;
/*!40101 SET CHARACTER_SET_CLIENT=@OLD_CHARACTER_SET_CLIENT */;
/*!40101 SET CHARACTER_SET_RESULTS=@OLD_CHARACTER_SET_RESULTS */;
/*!40101 SET COLLATION_CONNECTION=@OLD_COLLATION_CONNECTION */;
/*!40111 SET SQL_NOTES=@OLD_SQL_NOTES */;

-- Dump completed on 2025-07-16 17:55:50
